"V1";"V2";"V3";"V4";"V5";"V6"
"***";"nb classes";"4";"***";"";""
"**";"classe";"1";"**";"";""
"****";"86";"372";"23.12";"****";""
"78";"79";" 98.73";"66.25";"julgado em";"3.981307e-16"
"77";"78";" 98.72";"65.35";"tribunal de";"6.255854e-16"
"77";"78";" 98.72";"65.35";"de justiça";"6.255854e-16"
"77";"78";" 98.72";"65.35";"justiça do";"6.255854e-16"
"77";"78";" 98.72";"65.35";"do rs";"6.255854e-16"
"77";"78";" 98.72";"65.35";"rs relator";"6.255854e-16"
"77";"78";" 98.72";"65.35";"tribunal de justiça";"6.255854e-16"
"77";"78";" 98.72";"65.35";"de justiça do";"6.255854e-16"
"77";"78";" 98.72";"65.35";"justiça do rs";"6.255854e-16"
"77";"78";" 98.72";"65.35";"do rs relator";"6.255854e-16"
"77";"78";" 98.72";"65.35";"tribunal de justiça do";"6.255854e-16"
"77";"78";" 98.72";"65.35";"de justiça do rs";"6.255854e-16"
"77";"78";" 98.72";"65.35";"justiça do rs relator";"6.255854e-16"
"77";"78";" 98.72";"65.35";"tribunal de justiça do rs";"6.255854e-16"
"77";"78";" 98.72";"65.35";"de justiça do rs relator";"6.255854e-16"
"77";"78";" 98.72";"65.35";"tribunal de justiça do rs relator";"6.255854e-16"
"75";"76";" 98.68";"63.57";"cível tribunal";"1.544590e-15"
"75";"76";" 98.68";"63.57";"cível tribunal de";"1.544590e-15"
"75";"76";" 98.68";"63.57";"cível tribunal de justiça";"1.544590e-15"
"75";"76";" 98.68";"63.57";"cível tribunal de justiça do";"1.544590e-15"
"75";"76";" 98.68";"63.57";"cível tribunal de justiça do rs";"1.544590e-15"
"75";"76";" 98.68";"63.57";"cível tribunal de justiça do rs relator";"1.544590e-15"
"69";"70";" 98.57";"58.24";"câmara cível";"2.325401e-14"
"69";"70";" 98.57";"58.24";"câmara cível tribunal";"2.325401e-14"
"69";"70";" 98.57";"58.24";"câmara cível tribunal de";"2.325401e-14"
"69";"70";" 98.57";"58.24";"câmara cível tribunal de justiça";"2.325401e-14"
"69";"70";" 98.57";"58.24";"câmara cível tribunal de justiça do";"2.325401e-14"
"69";"70";" 98.57";"58.24";"câmara cível tribunal de justiça do rs";"2.325401e-14"
"69";"70";" 98.57";"58.24";"câmara cível tribunal de justiça do rs relator";"2.325401e-14"
"52";"53";" 98.11";"43.14";"oitava câmara";"5.083212e-11"
"52";"53";" 98.11";"43.14";"oitava câmara cível";"5.083212e-11"
"52";"53";" 98.11";"43.14";"oitava câmara cível tribunal";"5.083212e-11"
"52";"53";" 98.11";"43.14";"oitava câmara cível tribunal de";"5.083212e-11"
"52";"53";" 98.11";"43.14";"oitava câmara cível tribunal de justiça";"5.083212e-11"
"52";"53";" 98.11";"43.14";"oitava câmara cível tribunal de justiça do";"5.083212e-11"
"52";"53";" 98.11";"43.14";"oitava câmara cível tribunal de justiça do rs";"5.083212e-11"
"52";"53";" 98.11";"43.14";"oitava câmara cível tribunal de justiça do rs relator";"5.083212e-11"
"54";"56";" 96.43";"42.24";"instrumento n";"8.062588e-11"
"54";"56";" 96.43";"42.24";"de instrumento n";"8.062588e-11"
"54";"56";" 96.43";"42.24";"agravo de instrumento n";"8.062588e-11"
"27";"28";" 96.43";"21.07";"desprovido agravo";"4.424201e-06"
"27";"28";" 96.43";"21.07";"desprovido agravo de";"4.424201e-06"
"27";"28";" 96.43";"21.07";"desprovido agravo de instrumento";"4.424201e-06"
"27";"28";" 96.43";"21.07";"desprovido agravo de instrumento n";"4.424201e-06"
"17";"17";"100.00";"14.98";"sétima câmara";"1.086242e-04"
"17";"17";"100.00";"14.98";"sétima câmara cível";"1.086242e-04"
"17";"17";"100.00";"14.98";"sétima câmara cível tribunal";"1.086242e-04"
"17";"17";"100.00";"14.98";"sétima câmara cível tribunal de";"1.086242e-04"
"17";"17";"100.00";"14.98";"sétima câmara cível tribunal de justiça";"1.086242e-04"
"17";"17";"100.00";"14.98";"sétima câmara cível tribunal de justiça do";"1.086242e-04"
"17";"17";"100.00";"14.98";"sétima câmara cível tribunal de justiça do rs";"1.086242e-04"
"17";"17";"100.00";"14.98";"sétima câmara cível tribunal de justiça do rs relator";"1.086242e-04"
"18";"19";" 94.74";"13.19";"cível n";"2.812044e-04"
"18";"19";" 94.74";"13.19";"apelação cível n";"2.812044e-04"
"14";"14";"100.00";"12.33";"mauro caum";"4.448218e-04"
"14";"14";"100.00";"12.33";"caum gonçalves";"4.448218e-04"
"14";"14";"100.00";"12.33";"gonçalves julgado";"4.448218e-04"
"14";"14";"100.00";"12.33";"mauro caum gonçalves";"4.448218e-04"
"14";"14";"100.00";"12.33";"caum gonçalves julgado";"4.448218e-04"
"14";"14";"100.00";"12.33";"gonçalves julgado em";"4.448218e-04"
"14";"14";"100.00";"12.33";"mauro caum gonçalves julgado";"4.448218e-04"
"14";"14";"100.00";"12.33";"caum gonçalves julgado em";"4.448218e-04"
"14";"14";"100.00";"12.33";"mauro caum gonçalves julgado em";"4.448218e-04"
"13";"13";"100.00";"11.45";"luiz felipe";"7.142146e-04"
"13";"13";"100.00";"11.45";"felipe brasil";"7.142146e-04"
"13";"13";"100.00";"11.45";"brasil santos";"7.142146e-04"
"13";"13";"100.00";"11.45";"santos julgado";"7.142146e-04"
"13";"13";"100.00";"11.45";"luiz felipe brasil";"7.142146e-04"
"13";"13";"100.00";"11.45";"felipe brasil santos";"7.142146e-04"
"13";"13";"100.00";"11.45";"brasil santos julgado";"7.142146e-04"
"13";"13";"100.00";"11.45";"santos julgado em";"7.142146e-04"
"13";"13";"100.00";"11.45";"luiz felipe brasil santos";"7.142146e-04"
"13";"13";"100.00";"11.45";"felipe brasil santos julgado";"7.142146e-04"
"13";"13";"100.00";"11.45";"brasil santos julgado em";"7.142146e-04"
"13";"13";"100.00";"11.45";"luiz felipe brasil santos julgado";"7.142146e-04"
"13";"13";"100.00";"11.45";"felipe brasil santos julgado em";"7.142146e-04"
"13";"13";"100.00";"11.45";"luiz felipe brasil santos julgado em";"7.142146e-04"
"13";"13";"100.00";"11.45";"josé antônio";"7.142146e-04"
"13";"13";"100.00";"11.45";"antônio daltoe";"7.142146e-04"
"13";"13";"100.00";"11.45";"daltoe cezar";"7.142146e-04"
"13";"13";"100.00";"11.45";"cezar julgado";"7.142146e-04"
"13";"13";"100.00";"11.45";"josé antônio daltoe";"7.142146e-04"
"13";"13";"100.00";"11.45";"antônio daltoe cezar";"7.142146e-04"
"13";"13";"100.00";"11.45";"daltoe cezar julgado";"7.142146e-04"
"13";"13";"100.00";"11.45";"cezar julgado em";"7.142146e-04"
"13";"13";"100.00";"11.45";"josé antônio daltoe cezar";"7.142146e-04"
"13";"13";"100.00";"11.45";"antônio daltoe cezar julgado";"7.142146e-04"
"13";"13";"100.00";"11.45";"daltoe cezar julgado em";"7.142146e-04"
"13";"13";"100.00";"11.45";"josé antônio daltoe cezar julgado";"7.142146e-04"
"13";"13";"100.00";"11.45";"antônio daltoe cezar julgado em";"7.142146e-04"
"13";"13";"100.00";"11.45";"josé antônio daltoe cezar julgado em";"7.142146e-04"
"12";"12";"100.00";"10.57";"recurso desprovido agravo";"1.149323e-03"
"12";"12";"100.00";"10.57";"recurso desprovido agravo de";"1.149323e-03"
"12";"12";"100.00";"10.57";"recurso desprovido agravo de instrumento";"1.149323e-03"
"12";"12";"100.00";"10.57";"recurso desprovido agravo de instrumento n";"1.149323e-03"
"12";"12";"100.00";"10.57";"relator luiz";"1.149323e-03"
"12";"12";"100.00";"10.57";"rs relator luiz";"1.149323e-03"
"12";"12";"100.00";"10.57";"do rs relator luiz";"1.149323e-03"
"12";"12";"100.00";"10.57";"justiça do rs relator luiz";"1.149323e-03"
"12";"12";"100.00";"10.57";"de justiça do rs relator luiz";"1.149323e-03"
"12";"12";"100.00";"10.57";"tribunal de justiça do rs relator luiz";"1.149323e-03"
"12";"12";"100.00";"10.57";"cível tribunal de justiça do rs relator luiz";"1.149323e-03"
"12";"12";"100.00";"10.57";"câmara cível tribunal de justiça do rs relator luiz";"1.149323e-03"
"12";"12";"100.00";"10.57";"relator mauro";"1.149323e-03"
"12";"12";"100.00";"10.57";"rs relator mauro";"1.149323e-03"
"12";"12";"100.00";"10.57";"relator mauro caum";"1.149323e-03"
"12";"12";"100.00";"10.57";"do rs relator mauro";"1.149323e-03"
"12";"12";"100.00";"10.57";"rs relator mauro caum";"1.149323e-03"
"12";"12";"100.00";"10.57";"relator mauro caum gonçalves";"1.149323e-03"
"12";"12";"100.00";"10.57";"justiça do rs relator mauro";"1.149323e-03"
"12";"12";"100.00";"10.57";"do rs relator mauro caum";"1.149323e-03"
"12";"12";"100.00";"10.57";"rs relator mauro caum gonçalves";"1.149323e-03"
"12";"12";"100.00";"10.57";"relator mauro caum gonçalves julgado";"1.149323e-03"
"12";"12";"100.00";"10.57";"de justiça do rs relator mauro";"1.149323e-03"
"12";"12";"100.00";"10.57";"justiça do rs relator mauro caum";"1.149323e-03"
"12";"12";"100.00";"10.57";"do rs relator mauro caum gonçalves";"1.149323e-03"
"12";"12";"100.00";"10.57";"rs relator mauro caum gonçalves julgado";"1.149323e-03"
"12";"12";"100.00";"10.57";"relator mauro caum gonçalves julgado em";"1.149323e-03"
"12";"12";"100.00";"10.57";"tribunal de justiça do rs relator mauro";"1.149323e-03"
"12";"12";"100.00";"10.57";"de justiça do rs relator mauro caum";"1.149323e-03"
"12";"12";"100.00";"10.57";"justiça do rs relator mauro caum gonçalves";"1.149323e-03"
"12";"12";"100.00";"10.57";"do rs relator mauro caum gonçalves julgado";"1.149323e-03"
"12";"12";"100.00";"10.57";"rs relator mauro caum gonçalves julgado em";"1.149323e-03"
"12";"12";"100.00";"10.57";"cível tribunal de justiça do rs relator mauro";"1.149323e-03"
"12";"12";"100.00";"10.57";"tribunal de justiça do rs relator mauro caum";"1.149323e-03"
"12";"12";"100.00";"10.57";"de justiça do rs relator mauro caum gonçalves";"1.149323e-03"
"12";"12";"100.00";"10.57";"justiça do rs relator mauro caum gonçalves julgado";"1.149323e-03"
"12";"12";"100.00";"10.57";"do rs relator mauro caum gonçalves julgado em";"1.149323e-03"
"12";"12";"100.00";"10.57";"câmara cível tribunal de justiça do rs relator mauro";"1.149323e-03"
"12";"12";"100.00";"10.57";"cível tribunal de justiça do rs relator mauro caum";"1.149323e-03"
"12";"12";"100.00";"10.57";"tribunal de justiça do rs relator mauro caum gonçalves";"1.149323e-03"
"12";"12";"100.00";"10.57";"de justiça do rs relator mauro caum gonçalves julgado";"1.149323e-03"
"12";"12";"100.00";"10.57";"justiça do rs relator mauro caum gonçalves julgado em";"1.149323e-03"
"11";"11";"100.00";" 9.69";"relator luiz felipe";"1.854315e-03"
"11";"11";"100.00";" 9.69";"rs relator luiz felipe";"1.854315e-03"
"11";"11";"100.00";" 9.69";"relator luiz felipe brasil";"1.854315e-03"
"11";"11";"100.00";" 9.69";"do rs relator luiz felipe";"1.854315e-03"
"11";"11";"100.00";" 9.69";"rs relator luiz felipe brasil";"1.854315e-03"
"11";"11";"100.00";" 9.69";"relator luiz felipe brasil santos";"1.854315e-03"
"11";"11";"100.00";" 9.69";"justiça do rs relator luiz felipe";"1.854315e-03"
"11";"11";"100.00";" 9.69";"do rs relator luiz felipe brasil";"1.854315e-03"
"11";"11";"100.00";" 9.69";"rs relator luiz felipe brasil santos";"1.854315e-03"
"11";"11";"100.00";" 9.69";"relator luiz felipe brasil santos julgado";"1.854315e-03"
"11";"11";"100.00";" 9.69";"de justiça do rs relator luiz felipe";"1.854315e-03"
"11";"11";"100.00";" 9.69";"justiça do rs relator luiz felipe brasil";"1.854315e-03"
"11";"11";"100.00";" 9.69";"do rs relator luiz felipe brasil santos";"1.854315e-03"
"11";"11";"100.00";" 9.69";"rs relator luiz felipe brasil santos julgado";"1.854315e-03"
"11";"11";"100.00";" 9.69";"relator luiz felipe brasil santos julgado em";"1.854315e-03"
"11";"11";"100.00";" 9.69";"tribunal de justiça do rs relator luiz felipe";"1.854315e-03"
"11";"11";"100.00";" 9.69";"de justiça do rs relator luiz felipe brasil";"1.854315e-03"
"11";"11";"100.00";" 9.69";"justiça do rs relator luiz felipe brasil santos";"1.854315e-03"
"11";"11";"100.00";" 9.69";"do rs relator luiz felipe brasil santos julgado";"1.854315e-03"
"11";"11";"100.00";" 9.69";"rs relator luiz felipe brasil santos julgado em";"1.854315e-03"
"11";"11";"100.00";" 9.69";"cível tribunal de justiça do rs relator luiz felipe";"1.854315e-03"
"11";"11";"100.00";" 9.69";"tribunal de justiça do rs relator luiz felipe brasil";"1.854315e-03"
"11";"11";"100.00";" 9.69";"de justiça do rs relator luiz felipe brasil santos";"1.854315e-03"
"11";"11";"100.00";" 9.69";"justiça do rs relator luiz felipe brasil santos julgado";"1.854315e-03"
"11";"11";"100.00";" 9.69";"do rs relator luiz felipe brasil santos julgado em";"1.854315e-03"
"11";"11";"100.00";" 9.69";"relator josé";"1.854315e-03"
"11";"11";"100.00";" 9.69";"rs relator josé";"1.854315e-03"
"11";"11";"100.00";" 9.69";"relator josé antônio";"1.854315e-03"
"11";"11";"100.00";" 9.69";"do rs relator josé";"1.854315e-03"
"11";"11";"100.00";" 9.69";"rs relator josé antônio";"1.854315e-03"
"11";"11";"100.00";" 9.69";"relator josé antônio daltoe";"1.854315e-03"
"11";"11";"100.00";" 9.69";"justiça do rs relator josé";"1.854315e-03"
"11";"11";"100.00";" 9.69";"do rs relator josé antônio";"1.854315e-03"
"11";"11";"100.00";" 9.69";"rs relator josé antônio daltoe";"1.854315e-03"
"11";"11";"100.00";" 9.69";"relator josé antônio daltoe cezar";"1.854315e-03"
"11";"11";"100.00";" 9.69";"de justiça do rs relator josé";"1.854315e-03"
"11";"11";"100.00";" 9.69";"justiça do rs relator josé antônio";"1.854315e-03"
"11";"11";"100.00";" 9.69";"do rs relator josé antônio daltoe";"1.854315e-03"
"11";"11";"100.00";" 9.69";"rs relator josé antônio daltoe cezar";"1.854315e-03"
"11";"11";"100.00";" 9.69";"relator josé antônio daltoe cezar julgado";"1.854315e-03"
"11";"11";"100.00";" 9.69";"tribunal de justiça do rs relator josé";"1.854315e-03"
"11";"11";"100.00";" 9.69";"de justiça do rs relator josé antônio";"1.854315e-03"
"11";"11";"100.00";" 9.69";"justiça do rs relator josé antônio daltoe";"1.854315e-03"
"11";"11";"100.00";" 9.69";"do rs relator josé antônio daltoe cezar";"1.854315e-03"
"11";"11";"100.00";" 9.69";"rs relator josé antônio daltoe cezar julgado";"1.854315e-03"
"11";"11";"100.00";" 9.69";"relator josé antônio daltoe cezar julgado em";"1.854315e-03"
"11";"11";"100.00";" 9.69";"cível tribunal de justiça do rs relator josé";"1.854315e-03"
"11";"11";"100.00";" 9.69";"tribunal de justiça do rs relator josé antônio";"1.854315e-03"
"11";"11";"100.00";" 9.69";"de justiça do rs relator josé antônio daltoe";"1.854315e-03"
"11";"11";"100.00";" 9.69";"justiça do rs relator josé antônio daltoe cezar";"1.854315e-03"
"11";"11";"100.00";" 9.69";"do rs relator josé antônio daltoe cezar julgado";"1.854315e-03"
"11";"11";"100.00";" 9.69";"rs relator josé antônio daltoe cezar julgado em";"1.854315e-03"
"11";"11";"100.00";" 9.69";"câmara cível tribunal de justiça do rs relator josé";"1.854315e-03"
"11";"11";"100.00";" 9.69";"cível tribunal de justiça do rs relator josé antônio";"1.854315e-03"
"11";"11";"100.00";" 9.69";"tribunal de justiça do rs relator josé antônio daltoe";"1.854315e-03"
"11";"11";"100.00";" 9.69";"de justiça do rs relator josé antônio daltoe cezar";"1.854315e-03"
"11";"11";"100.00";" 9.69";"justiça do rs relator josé antônio daltoe cezar julgado";"1.854315e-03"
"11";"11";"100.00";" 9.69";"do rs relator josé antônio daltoe cezar julgado em";"1.854315e-03"
" 9";" 9";"100.00";" 7.93";"relator sandra";"4.874090e-03"
" 9";" 9";"100.00";" 7.93";"sandra brisolara";"4.874090e-03"
" 9";" 9";"100.00";" 7.93";"brisolara medeiros";"4.874090e-03"
" 9";" 9";"100.00";" 7.93";"medeiros julgado";"4.874090e-03"
" 9";" 9";"100.00";" 7.93";"rs relator sandra";"4.874090e-03"
" 9";" 9";"100.00";" 7.93";"relator sandra brisolara";"4.874090e-03"
" 9";" 9";"100.00";" 7.93";"sandra brisolara medeiros";"4.874090e-03"
" 9";" 9";"100.00";" 7.93";"brisolara medeiros julgado";"4.874090e-03"
" 9";" 9";"100.00";" 7.93";"medeiros julgado em";"4.874090e-03"
" 9";" 9";"100.00";" 7.93";"do rs relator sandra";"4.874090e-03"
" 9";" 9";"100.00";" 7.93";"rs relator sandra brisolara";"4.874090e-03"
" 9";" 9";"100.00";" 7.93";"relator sandra brisolara medeiros";"4.874090e-03"
" 9";" 9";"100.00";" 7.93";"sandra brisolara medeiros julgado";"4.874090e-03"
" 9";" 9";"100.00";" 7.93";"brisolara medeiros julgado em";"4.874090e-03"
" 9";" 9";"100.00";" 7.93";"justiça do rs relator sandra";"4.874090e-03"
" 9";" 9";"100.00";" 7.93";"do rs relator sandra brisolara";"4.874090e-03"
" 9";" 9";"100.00";" 7.93";"rs relator sandra brisolara medeiros";"4.874090e-03"
" 9";" 9";"100.00";" 7.93";"relator sandra brisolara medeiros julgado";"4.874090e-03"
" 9";" 9";"100.00";" 7.93";"sandra brisolara medeiros julgado em";"4.874090e-03"
" 9";" 9";"100.00";" 7.93";"de justiça do rs relator sandra";"4.874090e-03"
" 9";" 9";"100.00";" 7.93";"justiça do rs relator sandra brisolara";"4.874090e-03"
" 9";" 9";"100.00";" 7.93";"do rs relator sandra brisolara medeiros";"4.874090e-03"
" 9";" 9";"100.00";" 7.93";"rs relator sandra brisolara medeiros julgado";"4.874090e-03"
" 9";" 9";"100.00";" 7.93";"relator sandra brisolara medeiros julgado em";"4.874090e-03"
" 9";" 9";"100.00";" 7.93";"tribunal de justiça do rs relator sandra";"4.874090e-03"
" 9";" 9";"100.00";" 7.93";"de justiça do rs relator sandra brisolara";"4.874090e-03"
" 9";" 9";"100.00";" 7.93";"justiça do rs relator sandra brisolara medeiros";"4.874090e-03"
" 9";" 9";"100.00";" 7.93";"do rs relator sandra brisolara medeiros julgado";"4.874090e-03"
" 9";" 9";"100.00";" 7.93";"rs relator sandra brisolara medeiros julgado em";"4.874090e-03"
" 9";" 9";"100.00";" 7.93";"cível tribunal de justiça do rs relator sandra";"4.874090e-03"
" 9";" 9";"100.00";" 7.93";"tribunal de justiça do rs relator sandra brisolara";"4.874090e-03"
" 9";" 9";"100.00";" 7.93";"de justiça do rs relator sandra brisolara medeiros";"4.874090e-03"
" 9";" 9";"100.00";" 7.93";"justiça do rs relator sandra brisolara medeiros julgado";"4.874090e-03"
" 9";" 9";"100.00";" 7.93";"do rs relator sandra brisolara medeiros julgado em";"4.874090e-03"
" 9";" 9";"100.00";" 7.93";"câmara cível tribunal de justiça do rs relator sandra";"4.874090e-03"
" 9";" 9";"100.00";" 7.93";"cível tribunal de justiça do rs relator sandra brisolara";"4.874090e-03"
" 9";" 9";"100.00";" 7.93";"tribunal de justiça do rs relator sandra brisolara medeiros";"4.874090e-03"
" 9";" 9";"100.00";" 7.93";"de justiça do rs relator sandra brisolara medeiros julgado";"4.874090e-03"
" 9";" 9";"100.00";" 7.93";"justiça do rs relator sandra brisolara medeiros julgado em";"4.874090e-03"
" 8";" 8";"100.00";" 7.04";"primeira câmara";"7.951506e-03"
"13";"15";" 86.67";" 6.76";"recurso desprovido";"9.327424e-03"
" 7";" 7";"100.00";" 6.16";"em 11";"1.304275e-02"
" 7";" 7";"100.00";" 6.16";"julgado em 11";"1.304275e-02"
" 7";" 7";"100.00";" 6.16";"unânime agravo";"1.304275e-02"
" 7";" 7";"100.00";" 6.16";"unânime agravo de";"1.304275e-02"
" 7";" 7";"100.00";" 6.16";"unânime agravo de instrumento";"1.304275e-02"
" 7";" 7";"100.00";" 6.16";"unânime agravo de instrumento n";"1.304275e-02"
" 6";" 6";"100.00";" 5.28";"câmara especial";"2.154218e-02"
" 6";" 6";"100.00";" 5.28";"especial cível";"2.154218e-02"
" 6";" 6";"100.00";" 5.28";"primeira câmara especial";"2.154218e-02"
" 6";" 6";"100.00";" 5.28";"câmara especial cível";"2.154218e-02"
" 6";" 6";"100.00";" 5.28";"especial cível tribunal";"2.154218e-02"
" 6";" 6";"100.00";" 5.28";"primeira câmara especial cível";"2.154218e-02"
" 6";" 6";"100.00";" 5.28";"câmara especial cível tribunal";"2.154218e-02"
" 6";" 6";"100.00";" 5.28";"especial cível tribunal de";"2.154218e-02"
" 6";" 6";"100.00";" 5.28";"primeira câmara especial cível tribunal";"2.154218e-02"
" 6";" 6";"100.00";" 5.28";"câmara especial cível tribunal de";"2.154218e-02"
" 6";" 6";"100.00";" 5.28";"especial cível tribunal de justiça";"2.154218e-02"
" 6";" 6";"100.00";" 5.28";"primeira câmara especial cível tribunal de";"2.154218e-02"
" 6";" 6";"100.00";" 5.28";"câmara especial cível tribunal de justiça";"2.154218e-02"
" 6";" 6";"100.00";" 5.28";"especial cível tribunal de justiça do";"2.154218e-02"
" 6";" 6";"100.00";" 5.28";"primeira câmara especial cível tribunal de justiça";"2.154218e-02"
" 6";" 6";"100.00";" 5.28";"câmara especial cível tribunal de justiça do";"2.154218e-02"
" 6";" 6";"100.00";" 5.28";"especial cível tribunal de justiça do rs";"2.154218e-02"
" 6";" 6";"100.00";" 5.28";"primeira câmara especial cível tribunal de justiça do";"2.154218e-02"
" 6";" 6";"100.00";" 5.28";"câmara especial cível tribunal de justiça do rs";"2.154218e-02"
" 6";" 6";"100.00";" 5.28";"especial cível tribunal de justiça do rs relator";"2.154218e-02"
" 6";" 6";"100.00";" 5.28";"primeira câmara especial cível tribunal de justiça do rs";"2.154218e-02"
" 6";" 6";"100.00";" 5.28";"câmara especial cível tribunal de justiça do rs relator";"2.154218e-02"
" 6";" 6";"100.00";" 5.28";"relator joão";"2.154218e-02"
" 6";" 6";"100.00";" 5.28";"joão ricardo";"2.154218e-02"
" 6";" 6";"100.00";" 5.28";"ricardo dos";"2.154218e-02"
" 6";" 6";"100.00";" 5.28";"dos santos";"2.154218e-02"
" 6";" 6";"100.00";" 5.28";"santos costa";"2.154218e-02"
" 6";" 6";"100.00";" 5.28";"costa julgado";"2.154218e-02"
" 6";" 6";"100.00";" 5.28";"em 22";"2.154218e-02"
" 6";" 6";"100.00";" 5.28";"rs relator joão";"2.154218e-02"
" 6";" 6";"100.00";" 5.28";"relator joão ricardo";"2.154218e-02"
" 6";" 6";"100.00";" 5.28";"joão ricardo dos";"2.154218e-02"
" 6";" 6";"100.00";" 5.28";"ricardo dos santos";"2.154218e-02"
" 6";" 6";"100.00";" 5.28";"dos santos costa";"2.154218e-02"
" 6";" 6";"100.00";" 5.28";"santos costa julgado";"2.154218e-02"
" 6";" 6";"100.00";" 5.28";"costa julgado em";"2.154218e-02"
" 6";" 6";"100.00";" 5.28";"julgado em 22";"2.154218e-02"
" 6";" 6";"100.00";" 5.28";"do rs relator joão";"2.154218e-02"
" 6";" 6";"100.00";" 5.28";"rs relator joão ricardo";"2.154218e-02"
" 6";" 6";"100.00";" 5.28";"relator joão ricardo dos";"2.154218e-02"
" 6";" 6";"100.00";" 5.28";"joão ricardo dos santos";"2.154218e-02"
" 6";" 6";"100.00";" 5.28";"ricardo dos santos costa";"2.154218e-02"
" 6";" 6";"100.00";" 5.28";"dos santos costa julgado";"2.154218e-02"
" 6";" 6";"100.00";" 5.28";"santos costa julgado em";"2.154218e-02"
" 6";" 6";"100.00";" 5.28";"justiça do rs relator joão";"2.154218e-02"
" 6";" 6";"100.00";" 5.28";"do rs relator joão ricardo";"2.154218e-02"
" 6";" 6";"100.00";" 5.28";"rs relator joão ricardo dos";"2.154218e-02"
" 6";" 6";"100.00";" 5.28";"relator joão ricardo dos santos";"2.154218e-02"
" 6";" 6";"100.00";" 5.28";"joão ricardo dos santos costa";"2.154218e-02"
" 6";" 6";"100.00";" 5.28";"ricardo dos santos costa julgado";"2.154218e-02"
" 6";" 6";"100.00";" 5.28";"dos santos costa julgado em";"2.154218e-02"
" 6";" 6";"100.00";" 5.28";"de justiça do rs relator joão";"2.154218e-02"
" 6";" 6";"100.00";" 5.28";"justiça do rs relator joão ricardo";"2.154218e-02"
" 6";" 6";"100.00";" 5.28";"do rs relator joão ricardo dos";"2.154218e-02"
" 6";" 6";"100.00";" 5.28";"rs relator joão ricardo dos santos";"2.154218e-02"
" 6";" 6";"100.00";" 5.28";"relator joão ricardo dos santos costa";"2.154218e-02"
" 6";" 6";"100.00";" 5.28";"joão ricardo dos santos costa julgado";"2.154218e-02"
" 6";" 6";"100.00";" 5.28";"ricardo dos santos costa julgado em";"2.154218e-02"
" 6";" 6";"100.00";" 5.28";"tribunal de justiça do rs relator joão";"2.154218e-02"
" 6";" 6";"100.00";" 5.28";"de justiça do rs relator joão ricardo";"2.154218e-02"
" 6";" 6";"100.00";" 5.28";"justiça do rs relator joão ricardo dos";"2.154218e-02"
" 6";" 6";"100.00";" 5.28";"do rs relator joão ricardo dos santos";"2.154218e-02"
" 6";" 6";"100.00";" 5.28";"rs relator joão ricardo dos santos costa";"2.154218e-02"
" 6";" 6";"100.00";" 5.28";"relator joão ricardo dos santos costa julgado";"2.154218e-02"
" 6";" 6";"100.00";" 5.28";"joão ricardo dos santos costa julgado em";"2.154218e-02"
" 6";" 6";"100.00";" 5.28";"cível tribunal de justiça do rs relator joão";"2.154218e-02"
" 6";" 6";"100.00";" 5.28";"tribunal de justiça do rs relator joão ricardo";"2.154218e-02"
" 6";" 6";"100.00";" 5.28";"de justiça do rs relator joão ricardo dos";"2.154218e-02"
" 6";" 6";"100.00";" 5.28";"justiça do rs relator joão ricardo dos santos";"2.154218e-02"
" 6";" 6";"100.00";" 5.28";"do rs relator joão ricardo dos santos costa";"2.154218e-02"
" 6";" 6";"100.00";" 5.28";"rs relator joão ricardo dos santos costa julgado";"2.154218e-02"
" 6";" 6";"100.00";" 5.28";"relator joão ricardo dos santos costa julgado em";"2.154218e-02"
" 6";" 6";"100.00";" 5.28";"câmara cível tribunal de justiça do rs relator joão";"2.154218e-02"
" 6";" 6";"100.00";" 5.28";"cível tribunal de justiça do rs relator joão ricardo";"2.154218e-02"
" 6";" 6";"100.00";" 5.28";"tribunal de justiça do rs relator joão ricardo dos";"2.154218e-02"
" 6";" 6";"100.00";" 5.28";"de justiça do rs relator joão ricardo dos santos";"2.154218e-02"
" 6";" 6";"100.00";" 5.28";"justiça do rs relator joão ricardo dos santos costa";"2.154218e-02"
" 6";" 6";"100.00";" 5.28";"do rs relator joão ricardo dos santos costa julgado";"2.154218e-02"
" 6";" 6";"100.00";" 5.28";"rs relator joão ricardo dos santos costa julgado em";"2.154218e-02"
" 6";" 6";"100.00";" 5.28";"em 27";"2.154218e-02"
" 6";" 6";"100.00";" 5.28";"julgado em 27";"2.154218e-02"
" 5";" 5";"100.00";" 4.40";"interno desprovido";"3.590478e-02"
" 5";" 5";"100.00";" 4.40";"agravo interno desprovido";"3.590478e-02"
" 5";" 5";"100.00";" 4.40";"interno desprovido agravo";"3.590478e-02"
" 5";" 5";"100.00";" 4.40";"agravo interno desprovido agravo";"3.590478e-02"
" 5";" 5";"100.00";" 4.40";"interno desprovido agravo de";"3.590478e-02"
" 5";" 5";"100.00";" 4.40";"agravo interno desprovido agravo de";"3.590478e-02"
" 5";" 5";"100.00";" 4.40";"interno desprovido agravo de instrumento";"3.590478e-02"
" 5";" 5";"100.00";" 4.40";"agravo interno desprovido agravo de instrumento";"3.590478e-02"
" 5";" 5";"100.00";" 4.40";"interno desprovido agravo de instrumento n";"3.590478e-02"
" 5";" 5";"100.00";" 4.40";"agravo interno desprovido agravo de instrumento n";"3.590478e-02"
" 5";" 5";"100.00";" 4.40";"apelo desprovido apelação";"3.590478e-02"
" 5";" 5";"100.00";" 4.40";"apelo desprovido apelação cível";"3.590478e-02"
" 5";" 5";"100.00";" 4.40";"apelo desprovido apelação cível n";"3.590478e-02"
" 7";" 8";" 87.50";" 3.78";"instrumento desprovido agravo";"5.173504e-02"
" 7";" 8";" 87.50";" 3.78";"de instrumento desprovido agravo";"5.173504e-02"
" 7";" 8";" 87.50";" 3.78";"instrumento desprovido agravo de";"5.173504e-02"
" 7";" 8";" 87.50";" 3.78";"agravo de instrumento desprovido agravo";"5.173504e-02"
" 7";" 8";" 87.50";" 3.78";"de instrumento desprovido agravo de";"5.173504e-02"
" 7";" 8";" 87.50";" 3.78";"instrumento desprovido agravo de instrumento";"5.173504e-02"
" 7";" 8";" 87.50";" 3.78";"agravo de instrumento desprovido agravo de";"5.173504e-02"
" 7";" 8";" 87.50";" 3.78";"de instrumento desprovido agravo de instrumento";"5.173504e-02"
" 7";" 8";" 87.50";" 3.78";"instrumento desprovido agravo de instrumento n";"5.173504e-02"
" 7";" 8";" 87.50";" 3.78";"agravo de instrumento desprovido agravo de instrumento";"5.173504e-02"
" 7";" 8";" 87.50";" 3.78";"de instrumento desprovido agravo de instrumento n";"5.173504e-02"
" 7";" 8";" 87.50";" 3.78";"agravo de instrumento desprovido agravo de instrumento n";"5.173504e-02"
" 4";" 4";"100.00";" 3.52";"julgado em 09";"6.059579e-02"
" 4";" 4";"100.00";" 3.52";"em 18";"6.059579e-02"
" 4";" 4";"100.00";" 3.52";"julgado em 18";"6.059579e-02"
" 4";" 4";"100.00";" 3.52";"relator roberto";"6.059579e-02"
" 4";" 4";"100.00";" 3.52";"roberto arriada";"6.059579e-02"
" 4";" 4";"100.00";" 3.52";"arriada lorea";"6.059579e-02"
" 4";" 4";"100.00";" 3.52";"lorea julgado";"6.059579e-02"
" 4";" 4";"100.00";" 3.52";"em 26";"6.059579e-02"
" 4";" 4";"100.00";" 3.52";"rs relator roberto";"6.059579e-02"
" 4";" 4";"100.00";" 3.52";"relator roberto arriada";"6.059579e-02"
" 4";" 4";"100.00";" 3.52";"roberto arriada lorea";"6.059579e-02"
" 4";" 4";"100.00";" 3.52";"arriada lorea julgado";"6.059579e-02"
" 4";" 4";"100.00";" 3.52";"lorea julgado em";"6.059579e-02"
" 4";" 4";"100.00";" 3.52";"julgado em 26";"6.059579e-02"
" 4";" 4";"100.00";" 3.52";"do rs relator roberto";"6.059579e-02"
" 4";" 4";"100.00";" 3.52";"rs relator roberto arriada";"6.059579e-02"
" 4";" 4";"100.00";" 3.52";"relator roberto arriada lorea";"6.059579e-02"
" 4";" 4";"100.00";" 3.52";"roberto arriada lorea julgado";"6.059579e-02"
" 4";" 4";"100.00";" 3.52";"arriada lorea julgado em";"6.059579e-02"
" 4";" 4";"100.00";" 3.52";"justiça do rs relator roberto";"6.059579e-02"
" 4";" 4";"100.00";" 3.52";"do rs relator roberto arriada";"6.059579e-02"
" 4";" 4";"100.00";" 3.52";"rs relator roberto arriada lorea";"6.059579e-02"
" 4";" 4";"100.00";" 3.52";"relator roberto arriada lorea julgado";"6.059579e-02"
" 4";" 4";"100.00";" 3.52";"roberto arriada lorea julgado em";"6.059579e-02"
" 4";" 4";"100.00";" 3.52";"de justiça do rs relator roberto";"6.059579e-02"
" 4";" 4";"100.00";" 3.52";"justiça do rs relator roberto arriada";"6.059579e-02"
" 4";" 4";"100.00";" 3.52";"do rs relator roberto arriada lorea";"6.059579e-02"
" 4";" 4";"100.00";" 3.52";"rs relator roberto arriada lorea julgado";"6.059579e-02"
" 4";" 4";"100.00";" 3.52";"relator roberto arriada lorea julgado em";"6.059579e-02"
" 4";" 4";"100.00";" 3.52";"tribunal de justiça do rs relator roberto";"6.059579e-02"
" 4";" 4";"100.00";" 3.52";"de justiça do rs relator roberto arriada";"6.059579e-02"
" 4";" 4";"100.00";" 3.52";"justiça do rs relator roberto arriada lorea";"6.059579e-02"
" 4";" 4";"100.00";" 3.52";"do rs relator roberto arriada lorea julgado";"6.059579e-02"
" 4";" 4";"100.00";" 3.52";"rs relator roberto arriada lorea julgado em";"6.059579e-02"
" 4";" 4";"100.00";" 3.52";"cível tribunal de justiça do rs relator roberto";"6.059579e-02"
" 4";" 4";"100.00";" 3.52";"tribunal de justiça do rs relator roberto arriada";"6.059579e-02"
" 4";" 4";"100.00";" 3.52";"de justiça do rs relator roberto arriada lorea";"6.059579e-02"
" 4";" 4";"100.00";" 3.52";"justiça do rs relator roberto arriada lorea julgado";"6.059579e-02"
" 4";" 4";"100.00";" 3.52";"do rs relator roberto arriada lorea julgado em";"6.059579e-02"
" 4";" 4";"100.00";" 3.52";"câmara cível tribunal de justiça do rs relator roberto";"6.059579e-02"
" 4";" 4";"100.00";" 3.52";"cível tribunal de justiça do rs relator roberto arriada";"6.059579e-02"
" 4";" 4";"100.00";" 3.52";"tribunal de justiça do rs relator roberto arriada lorea";"6.059579e-02"
" 4";" 4";"100.00";" 3.52";"de justiça do rs relator roberto arriada lorea julgado";"6.059579e-02"
" 4";" 4";"100.00";" 3.52";"justiça do rs relator roberto arriada lorea julgado em";"6.059579e-02"
" 4";" 4";"100.00";" 3.52";"em 04";"6.059579e-02"
" 4";" 4";"100.00";" 3.52";"julgado em 04";"6.059579e-02"
" 4";" 4";"100.00";" 3.52";"em 29";"6.059579e-02"
" 4";" 4";"100.00";" 3.52";"julgado em 29";"6.059579e-02"
" 4";" 4";"100.00";" 3.52";"em 16";"6.059579e-02"
" 4";" 4";"100.00";" 3.52";"julgado em 16";"6.059579e-02"
" 4";" 4";"100.00";" 3.52";"09 2023";"6.059579e-02"
" 4";" 4";"100.00";" 3.52";"gonçalves julgado em 11";"6.059579e-02"
" 4";" 4";"100.00";" 3.52";"caum gonçalves julgado em 11";"6.059579e-02"
" 4";" 4";"100.00";" 3.52";"mauro caum gonçalves julgado em 11";"6.059579e-02"
" 4";" 4";"100.00";" 3.52";"05 2022";"6.059579e-02"
" 6";" 7";" 85.71";" 2.98";"desprovido apelação";"8.454493e-02"
" 6";" 7";" 85.71";" 2.98";"desprovido apelação cível";"8.454493e-02"
" 6";" 7";" 85.71";" 2.98";"desprovido apelação cível n";"8.454493e-02"
" 9";"12";" 75.00";" 2.29";"instrumento desprovido";"1.298479e-01"
" 9";"12";" 75.00";" 2.29";"de instrumento desprovido";"1.298479e-01"
" 9";"12";" 75.00";" 2.29";"agravo de instrumento desprovido";"1.298479e-01"
" 5";" 6";" 83.33";" 2.19";"agravo interno";"1.388805e-01"
"**";"classe";"2";"**";"";""
"****";"83";"372";"22.31";"****";""
"22";"28";" 78.57";"124.18";"família extensa";"7.699883e-29"
"12";"15";" 80.00";" 69.31";"não se";"8.404928e-17"
" 8";" 8";"100.00";" 61.66";"mãe biológica";"4.073586e-15"
"13";"20";" 65.00";" 56.40";"que não";"5.908617e-14"
"16";"29";" 55.17";" 54.54";"situação de";"1.521931e-13"
" 7";" 7";"100.00";" 53.95";"de fato";"2.055012e-13"
" 8";"10";" 80.00";" 46.19";"desde o";"1.073911e-11"
"10";"15";" 66.67";" 44.96";"da família";"2.012638e-11"
" 8";"11";" 72.73";" 40.60";"anos de";"1.871434e-10"
" 7";" 9";" 77.78";" 38.91";"da mãe";"4.429872e-10"
" 7";" 9";" 77.78";" 38.91";"em decorrência";"4.429872e-10"
" 5";" 5";"100.00";" 38.53";"família de";"5.390949e-10"
" 5";" 5";"100.00";" 38.53";"fato em";"5.390949e-10"
" 5";" 5";"100.00";" 38.53";"situação de fato";"5.390949e-10"
" 5";" 5";"100.00";" 38.53";"de fato em";"5.390949e-10"
" 5";" 5";"100.00";" 38.53";"fato em que";"5.390949e-10"
" 5";" 5";"100.00";" 38.53";"situação de fato em";"5.390949e-10"
" 5";" 5";"100.00";" 38.53";"de fato em que";"5.390949e-10"
" 5";" 5";"100.00";" 38.53";"situação de fato em que";"5.390949e-10"
" 9";"14";" 64.29";" 38.41";"convivência com";"5.720001e-10"
" 6";" 7";" 85.71";" 37.94";"da família extensa";"7.291310e-10"
" 6";" 8";" 75.00";" 31.75";"de manter";"1.754441e-08"
" 4";" 4";"100.00";" 30.82";"da sua";"2.828601e-08"
" 4";" 4";"100.00";" 30.82";"qualquer indício";"2.828601e-08"
" 4";" 4";"100.00";" 30.82";"indício de";"2.828601e-08"
" 4";" 4";"100.00";" 30.82";"qualquer indício de";"2.828601e-08"
" 4";" 4";"100.00";" 30.82";"indício de que";"2.828601e-08"
" 4";" 4";"100.00";" 30.82";"qualquer indício de que";"2.828601e-08"
" 4";" 4";"100.00";" 30.82";"autor apelante";"2.828601e-08"
" 4";" 4";"100.00";" 30.82";"pela família";"2.828601e-08"
" 4";" 4";"100.00";" 30.82";"seu nascimento";"2.828601e-08"
" 4";" 4";"100.00";" 30.82";"entre os";"2.828601e-08"
" 4";" 4";"100.00";" 30.82";"os menores";"2.828601e-08"
" 4";" 4";"100.00";" 30.82";"drogas e";"2.828601e-08"
" 4";" 4";"100.00";" 30.82";"de drogas e";"2.828601e-08"
" 4";" 4";"100.00";" 30.82";"família de origem";"2.828601e-08"
" 4";" 4";"100.00";" 30.82";"inviabilidade de";"2.828601e-08"
" 4";" 4";"100.00";" 30.82";"meio de medida";"2.828601e-08"
" 4";" 4";"100.00";" 30.82";"por meio de medida";"2.828601e-08"
" 4";" 4";"100.00";" 30.82";"sua família";"2.828601e-08"
" 4";" 4";"100.00";" 30.82";"a mãe biológica";"2.828601e-08"
" 4";" 4";"100.00";" 30.82";"com a mãe biológica";"2.828601e-08"
" 4";" 4";"100.00";" 30.82";"convivência com a mãe biológica";"2.828601e-08"
" 4";" 4";"100.00";" 30.82";"manteve convivência";"2.828601e-08"
" 4";" 4";"100.00";" 30.82";"manteve convivência com";"2.828601e-08"
" 5";" 6";" 83.33";" 30.47";"desde o nascimento";"3.398681e-08"
" 5";" 6";" 83.33";" 30.47";"de drogas";"3.398681e-08"
" 5";" 6";" 83.33";" 30.47";"de origem";"3.398681e-08"
" 7";"12";" 58.33";" 25.92";"em razão";"3.565232e-07"
" 5";" 7";" 71.43";" 24.74";"convivência e";"6.555115e-07"
" 5";" 7";" 71.43";" 24.74";"a mãe";"6.555115e-07"
" 5";" 7";" 71.43";" 24.74";"com a mãe";"6.555115e-07"
" 5";" 7";" 71.43";" 24.74";"maus tratos";"6.555115e-07"
" 5";" 7";" 71.43";" 24.74";"o nascimento";"6.555115e-07"
" 5";" 7";" 71.43";" 24.74";"em relação";"6.555115e-07"
" 5";" 7";" 71.43";" 24.74";"por meio";"6.555115e-07"
" 5";" 7";" 71.43";" 24.74";"meio de";"6.555115e-07"
" 5";" 7";" 71.43";" 24.74";"por meio de";"6.555115e-07"
" 4";" 5";" 80.00";" 23.08";"à sua";"1.550182e-06"
" 4";" 5";" 80.00";" 23.08";"de uma";"1.550182e-06"
" 4";" 5";" 80.00";" 23.08";"guarda da";"1.550182e-06"
" 4";" 5";" 80.00";" 23.08";"na família";"1.550182e-06"
" 4";" 5";" 80.00";" 23.08";"razão da";"1.550182e-06"
" 4";" 5";" 80.00";" 23.08";"em razão da";"1.550182e-06"
" 4";" 5";" 80.00";" 23.08";"inexistência de";"1.550182e-06"
" 4";" 5";" 80.00";" 23.08";"relação ao";"1.550182e-06"
" 4";" 5";" 80.00";" 23.08";"em relação ao";"1.550182e-06"
" 4";" 5";" 80.00";" 23.08";"o menor";"1.550182e-06"
" 4";" 5";" 80.00";" 23.08";"se encontra";"1.550182e-06"
" 4";" 5";" 80.00";" 23.08";"sua adoção";"1.550182e-06"
" 4";" 5";" 80.00";" 23.08";"convivência com a";"1.550182e-06"
" 4";" 5";" 80.00";" 23.08";"convivência com a mãe";"1.550182e-06"
" 4";" 5";" 80.00";" 23.08";"menor foi";"1.550182e-06"
" 7";"13";" 53.85";" 22.96";"situação de risco";"1.656892e-06"
"14";"40";" 35.00";" 21.81";"em que";"3.008816e-06"
" 8";"17";" 47.06";" 21.18";"de risco";"4.187524e-06"
" 5";" 8";" 62.50";" 20.48";"a infante";"6.022177e-06"
" 5";" 8";" 62.50";" 20.48";"anos de idade";"6.022177e-06"
" 5";" 8";" 62.50";" 20.48";"sob a";"6.022177e-06"
" 6";"11";" 54.55";" 20.07";"à família";"7.472600e-06"
" 8";"18";" 44.44";" 19.25";"os cuidados";"1.147172e-05"
" 4";" 6";" 66.67";" 17.97";"sob a guarda";"2.244361e-05"
" 4";" 6";" 66.67";" 17.97";"família biológica";"2.244361e-05"
" 4";" 6";" 66.67";" 17.97";"em que o";"2.244361e-05"
" 4";" 6";" 66.67";" 17.97";"cuidados com";"2.244361e-05"
" 4";" 6";" 66.67";" 17.97";"familiar da";"2.244361e-05"
" 4";" 6";" 66.67";" 17.97";"da negligência";"2.244361e-05"
" 4";" 6";" 66.67";" 17.97";"decorrência da";"2.244361e-05"
" 4";" 6";" 66.67";" 17.97";"em decorrência da";"2.244361e-05"
" 6";"12";" 50.00";" 17.52";"o que";"2.849632e-05"
" 8";"20";" 40.00";" 16.01";"de que";"6.298857e-05"
" 3";" 4";" 75.00";" 15.87";"e os";"6.787586e-05"
" 3";" 4";" 75.00";" 15.87";"adoção e";"6.787586e-05"
" 3";" 4";" 75.00";" 15.87";"art 25";"6.787586e-05"
" 3";" 4";" 75.00";" 15.87";"existência de";"6.787586e-05"
" 3";" 4";" 75.00";" 15.87";"a existência de";"6.787586e-05"
" 3";" 4";" 75.00";" 15.87";"a menor";"6.787586e-05"
" 3";" 4";" 75.00";" 15.87";"negligência da";"6.787586e-05"
" 3";" 4";" 75.00";" 15.87";"razão da negligência";"6.787586e-05"
" 3";" 4";" 75.00";" 15.87";"da negligência familiar";"6.787586e-05"
" 3";" 4";" 75.00";" 15.87";"em razão da negligência";"6.787586e-05"
" 3";" 4";" 75.00";" 15.87";"razão da negligência familiar";"6.787586e-05"
" 3";" 4";" 75.00";" 15.87";"em razão da negligência familiar";"6.787586e-05"
" 3";" 4";" 75.00";" 15.87";"guarda pela";"6.787586e-05"
" 3";" 4";" 75.00";" 15.87";"de manutenção";"6.787586e-05"
" 3";" 4";" 75.00";" 15.87";"manutenção da guarda";"6.787586e-05"
" 3";" 4";" 75.00";" 15.87";"à sua adoção";"6.787586e-05"
" 6";"13";" 46.15";" 15.38";"de idade";"8.812528e-05"
" 5";"10";" 50.00";" 14.59";"a criança";"1.333476e-04"
" 4";" 7";" 57.14";" 14.35";"ausência de";"1.515184e-04"
" 4";" 7";" 57.14";" 14.35";"de negligência";"1.515184e-04"
" 4";" 7";" 57.14";" 14.35";"em situação de risco";"1.515184e-04"
" 4";" 7";" 57.14";" 14.35";"de medida protetiva";"1.515184e-04"
"10";"31";" 32.26";" 13.18";"com a";"2.828763e-04"
" 6";"15";" 40.00";" 12.00";"com os";"5.311712e-04"
" 3";" 5";" 60.00";" 11.57";"com a família";"6.688709e-04"
" 3";" 5";" 60.00";" 11.57";"considerando que";"6.688709e-04"
" 3";" 5";" 60.00";" 11.57";"da família biológica";"6.688709e-04"
" 3";" 5";" 60.00";" 11.57";"a existência";"6.688709e-04"
" 3";" 5";" 60.00";" 11.57";"em que os";"6.688709e-04"
" 3";" 5";" 60.00";" 11.57";"poder familiar da";"6.688709e-04"
" 3";" 5";" 60.00";" 11.57";"negligência familiar";"6.688709e-04"
" 3";" 5";" 60.00";" 11.57";"de vínculos";"6.688709e-04"
" 3";" 5";" 60.00";" 11.57";"de convivência e";"6.688709e-04"
" 3";" 5";" 60.00";" 11.57";"risco desde";"6.688709e-04"
" 3";" 5";" 60.00";" 11.57";"de risco desde";"6.688709e-04"
" 3";" 5";" 60.00";" 11.57";"situação de risco desde";"6.688709e-04"
" 3";" 5";" 60.00";" 11.57";"os cuidados com";"6.688709e-04"
" 5";"12";" 41.67";" 10.76";"em situação";"1.039890e-03"
" 5";"12";" 41.67";" 10.76";"o infante";"1.039890e-03"
"19";"85";" 22.35";"  9.93";"poder familiar";"1.624127e-03"
" 4";" 9";" 44.44";"  9.62";"o seu";"1.927471e-03"
" 4";" 9";" 44.44";"  9.62";"e de";"1.927471e-03"
" 4";" 9";" 44.44";"  9.62";"de adoção";"1.927471e-03"
" 3";" 6";" 50.00";"  8.75";"família natural";"3.090272e-03"
" 3";" 6";" 50.00";"  8.75";"para a";"3.090272e-03"
" 3";" 6";" 50.00";"  8.75";"além de";"3.090272e-03"
" 3";" 6";" 50.00";"  8.75";"se a";"3.090272e-03"
" 3";" 6";" 50.00";"  8.75";"acolhidos institucionalmente";"3.090272e-03"
" 3";" 6";" 50.00";"  8.75";"do interesse";"3.090272e-03"
" 3";" 6";" 50.00";"  8.75";"prevalência do interesse";"3.090272e-03"
" 6";"18";" 33.33";"  8.46";"que o";"3.636414e-03"
"10";"38";" 26.32";"  8.24";"que a";"4.101263e-03"
" 7";"23";" 30.43";"  8.13";"a guarda";"4.349316e-03"
" 5";"14";" 35.71";"  8.09";"com o";"4.458168e-03"
" 4";"10";" 40.00";"  8.00";"da genitora";"4.681356e-03"
" 4";"10";" 40.00";"  8.00";"em que a";"4.681356e-03"
" 4";"10";" 40.00";"  8.00";"e da";"4.681356e-03"
"10";"39";" 25.64";"  7.70";"família substituta";"5.510707e-03"
" 5";"15";" 33.33";"  7.05";"da menor";"7.945456e-03"
" 5";"15";" 33.33";"  7.05";"e a";"7.945456e-03"
" 3";" 7";" 42.86";"  6.78";"da apelante";"9.240276e-03"
" 3";" 7";" 42.86";"  6.78";"acolhida institucionalmente";"9.240276e-03"
" 3";" 7";" 42.86";"  6.78";"de família";"9.240276e-03"
" 4";"11";" 36.36";"  6.70";"a convivência";"9.653805e-03"
" 4";"11";" 36.36";"  6.70";"a situação";"9.653805e-03"
" 4";"11";" 36.36";"  6.70";"em situação de";"9.653805e-03"
"14";"66";" 21.21";"  6.17";"do poder familiar";"1.301302e-02"
"14";"67";" 20.90";"  5.86";"do poder";"1.548762e-02"
" 2";" 4";" 50.00";"  5.83";"substituta e";"1.571384e-02"
" 2";" 4";" 50.00";"  5.83";"família substituta e";"1.571384e-02"
" 2";" 4";" 50.00";"  5.83";"em família substituta e";"1.571384e-02"
" 2";" 4";" 50.00";"  5.83";"de saúde";"1.571384e-02"
" 2";" 4";" 50.00";"  5.83";"a destituição";"1.571384e-02"
" 2";" 4";" 50.00";"  5.83";"a destituição do";"1.571384e-02"
" 2";" 4";" 50.00";"  5.83";"a destituição do poder";"1.571384e-02"
" 2";" 4";" 50.00";"  5.83";"a destituição do poder familiar";"1.571384e-02"
" 2";" 4";" 50.00";"  5.83";"ao longo";"1.571384e-02"
" 2";" 4";" 50.00";"  5.83";"restauração da";"1.571384e-02"
" 2";" 4";" 50.00";"  5.83";"lado da";"1.571384e-02"
" 2";" 4";" 50.00";"  5.83";"restauração da convivência";"1.571384e-02"
" 2";" 4";" 50.00";"  5.83";"lado da família";"1.571384e-02"
" 2";" 4";" 50.00";"  5.83";"de que o";"1.571384e-02"
" 2";" 4";" 50.00";"  5.83";"que o infante";"1.571384e-02"
" 2";" 4";" 50.00";"  5.83";"lado da família biológica";"1.571384e-02"
" 2";" 4";" 50.00";"  5.83";"que já";"1.571384e-02"
" 2";" 4";" 50.00";"  5.83";"pela genitora";"1.571384e-02"
" 2";" 4";" 50.00";"  5.83";"25 parágrafo";"1.571384e-02"
" 2";" 4";" 50.00";"  5.83";"parágrafo único";"1.571384e-02"
" 2";" 4";" 50.00";"  5.83";"25 parágrafo único";"1.571384e-02"
" 2";" 4";" 50.00";"  5.83";"em acolhimento";"1.571384e-02"
" 2";" 4";" 50.00";"  5.83";"cuidados com os";"1.571384e-02"
" 2";" 4";" 50.00";"  5.83";"o filho";"1.571384e-02"
" 2";" 4";" 50.00";"  5.83";"do poder familiar da";"1.571384e-02"
" 2";" 4";" 50.00";"  5.83";"da criança em";"1.571384e-02"
" 2";" 4";" 50.00";"  5.83";"ambos os";"1.571384e-02"
" 2";" 4";" 50.00";"  5.83";"do interesse do";"1.571384e-02"
" 2";" 4";" 50.00";"  5.83";"ambos os genitores";"1.571384e-02"
" 2";" 4";" 50.00";"  5.83";"de manter a";"1.571384e-02"
" 2";" 4";" 50.00";"  5.83";"prevalência do interesse do";"1.571384e-02"
" 2";" 4";" 50.00";"  5.83";"do interesse do menor";"1.571384e-02"
" 2";" 4";" 50.00";"  5.83";"prevalência do interesse do menor";"1.571384e-02"
" 2";" 4";" 50.00";"  5.83";"não há";"1.571384e-02"
" 2";" 4";" 50.00";"  5.83";"verificada situação";"1.571384e-02"
" 2";" 4";" 50.00";"  5.83";"verificada situação de";"1.571384e-02"
" 2";" 4";" 50.00";"  5.83";"verificada situação de risco";"1.571384e-02"
" 2";" 4";" 50.00";"  5.83";"verificada situação de risco desde";"1.571384e-02"
" 2";" 4";" 50.00";"  5.83";"foi acolhido institucionalmente";"1.571384e-02"
" 2";" 4";" 50.00";"  5.83";"pretendentes à";"1.571384e-02"
" 5";"17";" 29.41";"  5.38";"de medida";"2.041326e-02"
" 3";" 8";" 37.50";"  5.32";"o art";"2.102215e-02"
" 3";" 8";" 37.50";"  5.32";"caso concreto";"2.102215e-02"
" 8";"33";" 24.24";"  5.29";"em família";"2.143595e-02"
" 8";"33";" 24.24";"  5.29";"em família substituta";"2.143595e-02"
" 3";" 9";" 33.33";"  4.23";"da guarda";"3.982530e-02"
" 3";" 9";" 33.33";"  4.23";"do infante";"3.982530e-02"
" 3";" 9";" 33.33";"  4.23";"dos menores";"3.982530e-02"
" 4";"14";" 28.57";"  4.02";"do eca";"4.493777e-02"
" 4";"14";" 28.57";"  4.02";"de convivência";"4.493777e-02"
" 2";" 5";" 40.00";"  4.00";"não é";"4.556442e-02"
" 2";" 5";" 40.00";"  4.00";"histórico de";"4.556442e-02"
" 2";" 5";" 40.00";"  4.00";"bem como";"4.556442e-02"
" 2";" 5";" 40.00";"  4.00";"seja por";"4.556442e-02"
" 2";" 5";" 40.00";"  4.00";"conselho tutelar";"4.556442e-02"
" 2";" 5";" 40.00";"  4.00";"de guarda";"4.556442e-02"
" 2";" 5";" 40.00";"  4.00";"criança em";"4.556442e-02"
" 2";" 5";" 40.00";"  4.00";"a adoção";"4.556442e-02"
" 2";" 5";" 40.00";"  4.00";"manter a";"4.556442e-02"
" 2";" 5";" 40.00";"  4.00";"tenra idade";"4.556442e-02"
" 2";" 5";" 40.00";"  4.00";"foi acolhida";"4.556442e-02"
" 2";" 5";" 40.00";"  4.00";"foi acolhido";"4.556442e-02"
" 9";"44";" 20.45";"  3.49";"destituição do";"6.176800e-02"
" 9";"44";" 20.45";"  3.49";"destituição do poder";"6.176800e-02"
" 9";"44";" 20.45";"  3.49";"destituição do poder familiar";"6.176800e-02"
" 3";"10";" 30.00";"  3.37";"o poder";"6.633305e-02"
" 3";"10";" 30.00";"  3.37";"o poder familiar";"6.633305e-02"
" 4";"16";" 25.00";"  2.88";"o acolhimento";"8.995992e-02"
" 2";" 6";" 33.33";"  2.82";"a sua";"9.331900e-02"
" 2";" 6";" 33.33";"  2.82";"assumir os";"9.331900e-02"
" 2";" 6";" 33.33";"  2.82";"assumir os cuidados";"9.331900e-02"
" 2";" 6";" 33.33";"  2.82";"cível eca";"9.331900e-02"
" 2";" 6";" 33.33";"  2.82";"apelação cível eca";"9.331900e-02"
" 2";" 6";" 33.33";"  2.82";"à adoção";"9.331900e-02"
" 2";" 6";" 33.33";"  2.82";"contexto em";"9.331900e-02"
" 2";" 6";" 33.33";"  2.82";"contexto em que";"9.331900e-02"
" 2";" 6";" 33.33";"  2.82";"acolhido institucionalmente";"9.331900e-02"
" 2";" 6";" 33.33";"  2.82";"guarda de";"9.331900e-02"
" 3";"11";" 27.27";"  2.70";"eca destituição";"1.005688e-01"
" 3";"11";" 27.27";"  2.70";"eca destituição do";"1.005688e-01"
" 3";"11";" 27.27";"  2.70";"eca destituição do poder";"1.005688e-01"
" 3";"11";" 27.27";"  2.70";"eca destituição do poder familiar";"1.005688e-01"
" 3";"11";" 27.27";"  2.70";"prevalência do";"1.005688e-01"
" 4";"17";" 23.53";"  2.43";"pedido de";"1.193277e-01"
" 4";"17";" 23.53";"  2.43";"medida protetiva";"1.193277e-01"
" 3";"12";" 25.00";"  2.16";"e o";"1.420514e-01"
" 3";"12";" 25.00";"  2.16";"que os";"1.420514e-01"
" 2";" 7";" 28.57";"  2.01";"negaram provimento unânime";"1.563366e-01"
" 2";" 7";" 28.57";"  2.01";"para que";"1.563366e-01"
" 2";" 7";" 28.57";"  2.01";"os cuidados da";"1.563366e-01"
" 2";" 7";" 28.57";"  2.01";"a filha";"1.563366e-01"
" 2";" 7";" 28.57";"  2.01";"os genitores";"1.563366e-01"
" 2";" 7";" 28.57";"  2.01";"interesse do menor";"1.563366e-01"
"**";"classe";"3";"**";"";""
"****";"95";"372";"25.54";"****";""
"24";"38";" 63.16";"127.40";"que a";"1.516074e-29"
"22";"40";" 55.00";" 96.44";"em que";"9.215849e-23"
"14";"19";" 73.68";" 91.01";"dos autos";"1.429531e-21"
" 9";"10";" 90.00";" 75.30";"equipe técnica";"4.047009e-18"
" 9";"10";" 90.00";" 75.30";"no caso";"4.047009e-18"
"10";"13";" 76.92";" 68.68";"caso dos";"1.158036e-16"
"10";"13";" 76.92";" 68.68";"caso dos autos";"1.158036e-16"
" 7";" 7";"100.00";" 66.60";"de exercer";"3.319689e-16"
" 7";" 7";"100.00";" 66.60";"da ré";"3.319689e-16"
"10";"14";" 71.43";" 62.40";"condições de";"2.800220e-15"
" 9";"12";" 75.00";" 59.83";"que os";"1.036102e-14"
" 9";"12";" 75.00";" 59.83";"autos em";"1.036102e-14"
" 9";"12";" 75.00";" 59.83";"dos autos em";"1.036102e-14"
" 9";"12";" 75.00";" 59.83";"autos em que";"1.036102e-14"
" 9";"12";" 75.00";" 59.83";"caso dos autos em";"1.036102e-14"
" 9";"12";" 75.00";" 59.83";"dos autos em que";"1.036102e-14"
" 9";"12";" 75.00";" 59.83";"caso dos autos em que";"1.036102e-14"
" 7";" 8";" 87.50";" 56.55";"exercer a";"5.492503e-14"
" 5";" 5";"100.00";" 47.57";"o agravante";"5.318080e-12"
" 5";" 5";"100.00";" 47.57";"laudo social";"5.318080e-12"
" 7";"10";" 70.00";" 42.53";"a genitora";"6.976725e-11"
" 8";"13";" 61.54";" 40.91";"avó materna";"1.596004e-10"
" 6";" 8";" 75.00";" 39.87";"falta de";"2.713250e-10"
" 4";" 4";"100.00";" 38.05";"condições de exercer";"6.896614e-10"
" 4";" 4";"100.00";" 38.05";"ré apelante";"6.896614e-10"
" 4";" 4";"100.00";" 38.05";"de forma";"6.896614e-10"
" 4";" 4";"100.00";" 38.05";"para exercer";"6.896614e-10"
" 4";" 4";"100.00";" 38.05";"no entanto";"6.896614e-10"
" 4";" 4";"100.00";" 38.05";"ora agravante";"6.896614e-10"
" 4";" 4";"100.00";" 38.05";"exercer o";"6.896614e-10"
" 5";" 6";" 83.33";" 37.99";"exercer a guarda";"7.104445e-10"
" 5";" 6";" 83.33";" 37.99";"os elementos";"7.104445e-10"
" 5";" 6";" 83.33";" 37.99";"a avó";"7.104445e-10"
"12";"31";" 38.71";" 30.77";"com a";"2.909905e-08"
" 4";" 5";" 80.00";" 28.86";"que se";"7.769635e-08"
" 4";" 5";" 80.00";" 28.86";"da equipe";"7.769635e-08"
" 4";" 5";" 80.00";" 28.86";"da equipe técnica";"7.769635e-08"
" 4";" 5";" 80.00";" 28.86";"da menina";"7.769635e-08"
" 4";" 5";" 80.00";" 28.86";"da filha";"7.769635e-08"
" 4";" 5";" 80.00";" 28.86";"laços afetivos";"7.769635e-08"
" 5";" 8";" 62.50";" 26.10";"cuidados da";"3.238248e-07"
" 5";" 8";" 62.50";" 26.10";"de sua";"3.238248e-07"
" 6";"11";" 54.55";" 25.93";"a situação";"3.541235e-07"
" 8";"18";" 44.44";" 25.54";"os cuidados";"4.323119e-07"
" 7";"15";" 46.67";" 24.08";"com os";"9.261968e-07"
" 9";"23";" 39.13";" 23.47";"a guarda";"1.266225e-06"
" 6";"12";" 50.00";" 22.87";"o infante";"1.736837e-06"
" 4";" 6";" 66.67";" 22.77";"aos autos";"1.823247e-06"
" 4";" 6";" 66.67";" 22.77";"assumir os";"1.823247e-06"
" 4";" 6";" 66.67";" 22.77";"assumir os cuidados";"1.823247e-06"
" 4";" 6";" 66.67";" 22.77";"contexto em";"1.823247e-06"
" 4";" 6";" 66.67";" 22.77";"contexto em que";"1.823247e-06"
" 4";" 6";" 66.67";" 22.77";"autos em que a";"1.823247e-06"
" 4";" 6";" 66.67";" 22.77";"dos autos em que a";"1.823247e-06"
" 4";" 6";" 66.67";" 22.77";"caso dos autos em que a";"1.823247e-06"
" 4";" 6";" 66.67";" 22.77";"acolhido institucionalmente";"1.823247e-06"
" 5";" 9";" 55.56";" 22.17";"de que a";"2.490557e-06"
" 8";"20";" 40.00";" 21.62";"de que";"3.318654e-06"
" 3";" 4";" 75.00";" 19.93";"bem estar";"8.038284e-06"
" 3";" 4";" 75.00";" 19.93";"de condições";"8.038284e-06"
" 3";" 4";" 75.00";" 19.93";"falta de condições";"8.038284e-06"
" 3";" 4";" 75.00";" 19.93";"período de";"8.038284e-06"
" 3";" 4";" 75.00";" 19.93";"sua guarda";"8.038284e-06"
" 3";" 4";" 75.00";" 19.93";"exercer os";"8.038284e-06"
" 3";" 4";" 75.00";" 19.93";"exercer os cuidados";"8.038284e-06"
" 3";" 4";" 75.00";" 19.93";"exploração violência";"8.038284e-06"
" 3";" 4";" 75.00";" 19.93";"violência crueldade";"8.038284e-06"
" 3";" 4";" 75.00";" 19.93";"crueldade e";"8.038284e-06"
" 3";" 4";" 75.00";" 19.93";"e opressão";"8.038284e-06"
" 3";" 4";" 75.00";" 19.93";"exploração violência crueldade";"8.038284e-06"
" 3";" 4";" 75.00";" 19.93";"violência crueldade e";"8.038284e-06"
" 3";" 4";" 75.00";" 19.93";"crueldade e opressão";"8.038284e-06"
" 3";" 4";" 75.00";" 19.93";"exploração violência crueldade e";"8.038284e-06"
" 3";" 4";" 75.00";" 19.93";"violência crueldade e opressão";"8.038284e-06"
" 3";" 4";" 75.00";" 19.93";"exploração violência crueldade e opressão";"8.038284e-06"
" 3";" 4";" 75.00";" 19.93";"que foi";"8.038284e-06"
" 3";" 4";" 75.00";" 19.93";"pode ser";"8.038284e-06"
" 3";" 4";" 75.00";" 19.93";"não sendo";"8.038284e-06"
" 3";" 4";" 75.00";" 19.93";"avô materno";"8.038284e-06"
" 3";" 4";" 75.00";" 19.93";"a protegida";"8.038284e-06"
" 3";" 4";" 75.00";" 19.93";"a avó materna";"8.038284e-06"
" 5";"10";" 50.00";" 19.05";"em que a";"1.272088e-05"
" 4";" 7";" 57.14";" 18.45";"os cuidados da";"1.741611e-05"
" 4";" 7";" 57.14";" 18.45";"a filha";"1.741611e-05"
" 4";" 7";" 57.14";" 18.45";"acolhida institucionalmente";"1.741611e-05"
" 4";" 7";" 57.14";" 18.45";"os genitores";"1.741611e-05"
" 4";" 7";" 57.14";" 18.45";"acerca da";"1.741611e-05"
" 7";"18";" 38.89";" 18.06";"que o";"2.135099e-05"
" 3";" 5";" 60.00";" 14.81";"conselho tutelar";"1.190959e-04"
" 3";" 5";" 60.00";" 14.81";"da avó";"1.190959e-04"
" 3";" 5";" 60.00";" 14.81";"foi acolhida";"1.190959e-04"
" 3";" 5";" 60.00";" 14.81";"nos autos";"1.190959e-04"
" 3";" 5";" 60.00";" 14.81";"que seja";"1.190959e-04"
" 5";"12";" 41.67";" 14.42";"o que";"1.461274e-04"
"18";"85";" 21.18";" 13.52";"poder familiar";"2.359831e-04"
" 4";" 9";" 44.44";" 12.76";"e de";"3.536212e-04"
" 5";"13";" 38.46";" 12.66";"de idade";"3.726367e-04"
" 3";" 6";" 50.00";" 11.43";"para o";"7.237154e-04"
" 3";" 6";" 50.00";" 11.43";"além de";"7.237154e-04"
" 3";" 6";" 50.00";" 11.43";"de modo";"7.237154e-04"
" 3";" 6";" 50.00";" 11.43";"modo que";"7.237154e-04"
" 3";" 6";" 50.00";" 11.43";"de modo que";"7.237154e-04"
" 3";" 6";" 50.00";" 11.43";"as crianças";"7.237154e-04"
" 3";" 6";" 50.00";" 11.43";"impossibilidade de";"7.237154e-04"
" 3";" 6";" 50.00";" 11.43";"guarda de";"7.237154e-04"
" 3";" 6";" 50.00";" 11.43";"institucional da";"7.237154e-04"
" 3";" 6";" 50.00";" 11.43";"desacolhimento institucional";"7.237154e-04"
" 5";"14";" 35.71";" 11.17";"do eca";"8.296376e-04"
" 4";"10";" 40.00";" 10.80";"da genitora";"1.013688e-03"
" 4";"10";" 40.00";" 10.80";"o poder";"1.013688e-03"
" 4";"10";" 40.00";" 10.80";"o poder familiar";"1.013688e-03"
"14";"66";" 21.21";" 10.55";"do poder familiar";"1.164650e-03"
"14";"67";" 20.90";" 10.13";"do poder";"1.455163e-03"
" 5";"15";" 33.33";"  9.90";"e a";"1.656786e-03"
" 4";"11";" 36.36";"  9.22";"a convivência";"2.396950e-03"
" 3";" 7";" 42.86";"  9.04";"para que";"2.636660e-03"
" 3";" 7";" 42.86";"  9.04";"da apelante";"2.636660e-03"
" 3";" 7";" 42.86";"  9.04";"guarda dos";"2.636660e-03"
" 5";"17";" 29.41";"  7.83";"colocação em";"5.146416e-03"
" 5";"17";" 29.41";"  7.83";"colocação em família";"5.146416e-03"
" 5";"17";" 29.41";"  7.83";"colocação em família substituta";"5.146416e-03"
" 2";" 4";" 50.00";"  7.62";"perda do";"5.782234e-03"
" 2";" 4";" 50.00";"  7.62";"ao menos";"5.782234e-03"
" 2";" 4";" 50.00";"  7.62";"a fim";"5.782234e-03"
" 2";" 4";" 50.00";"  7.62";"fim de";"5.782234e-03"
" 2";" 4";" 50.00";"  7.62";"a fim de";"5.782234e-03"
" 2";" 4";" 50.00";"  7.62";"possui condições";"5.782234e-03"
" 2";" 4";" 50.00";"  7.62";"possui condições de";"5.782234e-03"
" 2";" 4";" 50.00";"  7.62";"a destituição";"5.782234e-03"
" 2";" 4";" 50.00";"  7.62";"a destituição do";"5.782234e-03"
" 2";" 4";" 50.00";"  7.62";"a destituição do poder";"5.782234e-03"
" 2";" 4";" 50.00";"  7.62";"a destituição do poder familiar";"5.782234e-03"
" 2";" 4";" 50.00";"  7.62";"infante de";"5.782234e-03"
" 2";" 4";" 50.00";"  7.62";"ao longo";"5.782234e-03"
" 2";" 4";" 50.00";"  7.62";"que o infante";"5.782234e-03"
" 2";" 4";" 50.00";"  7.62";"o genitor";"5.782234e-03"
" 2";" 4";" 50.00";"  7.62";"25 parágrafo";"5.782234e-03"
" 2";" 4";" 50.00";"  7.62";"parágrafo único";"5.782234e-03"
" 2";" 4";" 50.00";"  7.62";"25 parágrafo único";"5.782234e-03"
" 2";" 4";" 50.00";"  7.62";"em acolhimento";"5.782234e-03"
" 2";" 4";" 50.00";"  7.62";"cuidados com os";"5.782234e-03"
" 2";" 4";" 50.00";"  7.62";"o filho";"5.782234e-03"
" 2";" 4";" 50.00";"  7.62";"do poder familiar da";"5.782234e-03"
" 2";" 4";" 50.00";"  7.62";"de um";"5.782234e-03"
" 2";" 4";" 50.00";"  7.62";"não há";"5.782234e-03"
" 2";" 4";" 50.00";"  7.62";"a ser";"5.782234e-03"
" 2";" 4";" 50.00";"  7.62";"foi acolhido institucionalmente";"5.782234e-03"
" 2";" 4";" 50.00";"  7.62";"pretendentes à";"5.782234e-03"
" 2";" 4";" 50.00";"  7.62";"a guarda de";"5.782234e-03"
" 2";" 4";" 50.00";"  7.62";"que a genitora";"5.782234e-03"
" 2";" 4";" 50.00";"  7.62";"o caso";"5.782234e-03"
" 2";" 4";" 50.00";"  7.62";"de vulnerabilidade";"5.782234e-03"
" 2";" 4";" 50.00";"  7.62";"situação de vulnerabilidade";"5.782234e-03"
" 2";" 4";" 50.00";"  7.62";"de desacolhimento institucional";"5.782234e-03"
" 3";" 8";" 37.50";"  7.28";"anos de idade";"6.967252e-03"
" 3";" 8";" 37.50";"  7.28";"do genitor";"6.967252e-03"
" 3";" 8";" 37.50";"  7.28";"de desacolhimento";"6.967252e-03"
" 4";"13";" 30.77";"  6.83";"da infante";"8.974602e-03"
" 9";"44";" 20.45";"  6.14";"destituição do";"1.323194e-02"
" 9";"44";" 20.45";"  6.14";"destituição do poder";"1.323194e-02"
" 9";"44";" 20.45";"  6.14";"destituição do poder familiar";"1.323194e-02"
" 4";"14";" 28.57";"  5.91";"com o";"1.504247e-02"
" 4";"14";" 28.57";"  5.91";"de convivência";"1.504247e-02"
" 5";"20";" 25.00";"  5.58";"que não";"1.817770e-02"
" 2";" 5";" 40.00";"  5.40";"núcleo familiar";"2.014902e-02"
" 2";" 5";" 40.00";"  5.40";"bem como";"2.014902e-02"
" 2";" 5";" 40.00";"  5.40";"guarda do";"2.014902e-02"
" 2";" 5";" 40.00";"  5.40";"a guarda do";"2.014902e-02"
" 2";" 5";" 40.00";"  5.40";"considerando que";"2.014902e-02"
" 2";" 5";" 40.00";"  5.40";"o retorno";"2.014902e-02"
" 2";" 5";" 40.00";"  5.40";"a existência";"2.014902e-02"
" 2";" 5";" 40.00";"  5.40";"em que os";"2.014902e-02"
" 2";" 5";" 40.00";"  5.40";"poder familiar da";"2.014902e-02"
" 2";" 5";" 40.00";"  5.40";"de vínculos";"2.014902e-02"
" 2";" 5";" 40.00";"  5.40";"foi acolhido";"2.014902e-02"
" 2";" 5";" 40.00";"  5.40";"os cuidados com";"2.014902e-02"
" 2";" 5";" 40.00";"  5.40";"decorrente de";"2.014902e-02"
" 2";" 5";" 40.00";"  5.40";"para adoção";"2.014902e-02"
" 2";" 5";" 40.00";"  5.40";"a medida";"2.014902e-02"
" 2";" 5";" 40.00";"  5.40";"das visitas";"2.014902e-02"
" 3";"10";" 30.00";"  4.88";"a criança";"2.720613e-02"
" 3";"11";" 27.27";"  4.03";"à família";"4.463959e-02"
" 3";"11";" 27.27";"  4.03";"anos de";"4.463959e-02"
" 2";" 6";" 33.33";"  3.96";"medidas protetivas";"4.672570e-02"
" 2";" 6";" 33.33";"  3.96";"que as";"4.672570e-02"
" 2";" 6";" 33.33";"  3.96";"em que o";"4.672570e-02"
" 2";" 6";" 33.33";"  3.96";"cuidados com";"4.672570e-02"
" 2";" 6";" 33.33";"  3.96";"familiar da";"4.672570e-02"
" 2";" 6";" 33.33";"  3.96";"acolhidos institucionalmente";"4.672570e-02"
" 2";" 6";" 33.33";"  3.96";"com as";"4.672570e-02"
" 2";" 6";" 33.33";"  3.96";"decorrência da";"4.672570e-02"
" 2";" 6";" 33.33";"  3.96";"em decorrência da";"4.672570e-02"
" 2";" 6";" 33.33";"  3.96";"a decisão que";"4.672570e-02"
" 3";"12";" 25.00";"  3.35";"a decisão";"6.740449e-02"
" 3";"12";" 25.00";"  3.35";"e o";"6.740449e-02"
" 3";"12";" 25.00";"  3.35";"do menor";"6.740449e-02"
" 3";"14";" 21.43";"  2.31";"dos genitores";"1.285117e-01"
" 3";"14";" 21.43";"  2.31";"convivência com";"1.285117e-01"
" 7";"43";" 16.28";"  2.29";"da criança";"1.299646e-01"
" 2";" 8";" 25.00";"  2.23";"a manutenção";"1.354122e-01"
" 2";" 8";" 25.00";"  2.23";"a infante";"1.354122e-01"
" 2";" 8";" 25.00";"  2.23";"caso concreto";"1.354122e-01"
" 2";" 8";" 25.00";"  2.23";"de medida de proteção";"1.354122e-01"
" 2";" 8";" 25.00";"  2.23";"institucional e";"1.354122e-01"
" 2";" 8";" 25.00";"  2.23";"acolhimento institucional e";"1.354122e-01"
"**";"classe";"4";"**";"";""
"****";"108";"372";"29.03";"****";""
"70";" 90";" 77.78";"127.97";"acolhimento institucional";"1.140706e-29"
"22";" 24";" 91.67";" 54.50";"melhor interesse";"1.558084e-13"
"29";" 37";" 78.38";" 53.59";"ação de";"2.467151e-13"
"23";" 26";" 88.46";" 53.44";"medida de";"2.666366e-13"
"22";" 25";" 88.00";" 50.63";"de acolhimento institucional";"1.117536e-12"
"24";" 29";" 82.76";" 49.26";"da decisão";"2.239345e-12"
"21";" 24";" 87.50";" 47.82";"de proteção";"4.675054e-12"
"18";" 19";" 94.74";" 47.24";"melhor interesse da";"6.286553e-12"
"19";" 21";" 90.48";" 45.96";"medida de proteção";"1.204566e-11"
"30";" 43";" 69.77";" 43.57";"da criança";"4.081253e-11"
"19";" 22";" 86.36";" 42.23";"interesse da";"8.127187e-11"
"15";" 16";" 93.75";" 38.64";"melhor interesse da criança";"5.099001e-10"
"18";" 22";" 81.82";" 36.13";"instrumento eca";"1.849425e-09"
"18";" 22";" 81.82";" 36.13";"de instrumento eca";"1.849425e-09"
"18";" 22";" 81.82";" 36.13";"agravo de instrumento eca";"1.849425e-09"
"23";" 32";" 71.88";" 35.58";"de acolhimento";"2.450322e-09"
"12";" 12";"100.00";" 34.54";"e do";"4.167379e-09"
"18";" 23";" 78.26";" 33.13";"ação de destituição";"8.635380e-09"
"14";" 16";" 87.50";" 31.86";"decisão que";"1.658840e-08"
"15";" 18";" 83.33";" 31.17";"interesse da criança";"2.366413e-08"
"37";" 67";" 55.22";" 30.47";"do poder";"3.394733e-08"
"44";" 85";" 51.76";" 30.14";"poder familiar";"4.010844e-08"
"10";" 10";"100.00";" 28.78";"criança e do";"8.100919e-08"
"10";" 10";"100.00";" 28.78";"e do adolescente";"8.100919e-08"
"10";" 10";"100.00";" 28.78";"da criança e do";"8.100919e-08"
"10";" 10";"100.00";" 28.78";"criança e do adolescente";"8.100919e-08"
"10";" 10";"100.00";" 28.78";"da criança e do adolescente";"8.100919e-08"
"10";" 10";"100.00";" 28.78";"reforma da";"8.100919e-08"
"10";" 10";"100.00";" 28.78";"reforma da decisão";"8.100919e-08"
"36";" 66";" 54.55";" 28.64";"do poder familiar";"8.705419e-08"
"15";" 19";" 78.95";" 28.08";"ação de destituição do";"1.165917e-07"
"15";" 19";" 78.95";" 28.08";"ação de destituição do poder";"1.165917e-07"
"15";" 19";" 78.95";" 28.08";"ação de destituição do poder familiar";"1.165917e-07"
"11";" 12";" 91.67";" 27.22";"do melhor interesse da";"1.815395e-07"
"11";" 12";" 91.67";" 27.22";"do melhor interesse da criança";"1.815395e-07"
"11";" 12";" 91.67";" 27.22";"do adolescente";"1.815395e-07"
"12";" 14";" 85.71";" 26.28";"do melhor";"2.951899e-07"
"12";" 14";" 85.71";" 26.28";"do melhor interesse";"2.951899e-07"
" 9";"  9";"100.00";" 25.90";"estatuto da";"3.593006e-07"
" 9";"  9";"100.00";" 25.90";"estatuto da criança";"3.593006e-07"
" 9";"  9";"100.00";" 25.90";"estatuto da criança e";"3.593006e-07"
" 9";"  9";"100.00";" 25.90";"estatuto da criança e do";"3.593006e-07"
" 9";"  9";"100.00";" 25.90";"estatuto da criança e do adolescente";"3.593006e-07"
" 9";"  9";"100.00";" 25.90";"que determinou";"3.593006e-07"
"13";" 16";" 81.25";" 25.73";"manutenção da decisão";"3.925984e-07"
"13";" 16";" 81.25";" 25.73";"da criança e";"3.925984e-07"
"18";" 26";" 69.23";" 25.67";"de destituição";"4.047782e-07"
"26";" 44";" 59.09";" 25.56";"destituição do";"4.278882e-07"
"26";" 44";" 59.09";" 25.56";"destituição do poder";"4.278882e-07"
"26";" 44";" 59.09";" 25.56";"destituição do poder familiar";"4.278882e-07"
"15";" 20";" 75.00";" 25.33";"criança e";"4.832664e-07"
"10";" 11";" 90.91";" 24.38";"princípio do";"7.911669e-07"
" 8";"  8";"100.00";" 23.02";"proteção acolhimento";"1.601934e-06"
" 8";"  8";"100.00";" 23.02";"de proteção acolhimento";"1.601934e-06"
" 8";"  8";"100.00";" 23.02";"proteção acolhimento institucional";"1.601934e-06"
" 8";"  8";"100.00";" 23.02";"de proteção acolhimento institucional";"1.601934e-06"
" 8";"  8";"100.00";" 23.02";"da decisão que";"1.601934e-06"
"15";" 21";" 71.43";" 22.88";"de destituição do";"1.727317e-06"
"15";" 21";" 71.43";" 22.88";"de destituição do poder";"1.727317e-06"
"15";" 21";" 71.43";" 22.88";"de destituição do poder familiar";"1.727317e-06"
"13";" 17";" 76.47";" 22.83";"medida protetiva";"1.769213e-06"
" 9";" 10";" 90.00";" 21.55";"princípio do melhor";"3.453442e-06"
" 9";" 10";" 90.00";" 21.55";"princípio do melhor interesse";"3.453442e-06"
" 9";" 10";" 90.00";" 21.55";"instrumento eca ação";"3.453442e-06"
" 9";" 10";" 90.00";" 21.55";"de instrumento eca ação";"3.453442e-06"
" 9";" 10";" 90.00";" 21.55";"instrumento eca ação de";"3.453442e-06"
" 9";" 10";" 90.00";" 21.55";"agravo de instrumento eca ação";"3.453442e-06"
" 9";" 10";" 90.00";" 21.55";"de instrumento eca ação de";"3.453442e-06"
" 9";" 10";" 90.00";" 21.55";"agravo de instrumento eca ação de";"3.453442e-06"
"10";" 12";" 83.33";" 20.77";"o acolhimento institucional";"5.183693e-06"
"10";" 12";" 83.33";" 20.77";"suspensão do";"5.183693e-06"
"10";" 12";" 83.33";" 20.77";"suspensão do poder";"5.183693e-06"
"10";" 12";" 83.33";" 20.77";"suspensão do poder familiar";"5.183693e-06"
"11";" 14";" 78.57";" 20.39";"decisão agravada";"6.322446e-06"
"12";" 16";" 75.00";" 20.26";"o acolhimento";"6.771270e-06"
" 7";"  7";"100.00";" 20.14";"medida de proteção acolhimento";"7.189312e-06"
" 7";"  7";"100.00";" 20.14";"medida de proteção acolhimento institucional";"7.189312e-06"
" 7";"  7";"100.00";" 20.14";"do princípio";"7.189312e-06"
" 7";"  7";"100.00";" 20.14";"do princípio do";"7.189312e-06"
" 7";"  7";"100.00";" 20.14";"de reforma";"7.189312e-06"
" 7";"  7";"100.00";" 20.14";"de reforma da";"7.189312e-06"
" 7";"  7";"100.00";" 20.14";"de reforma da decisão";"7.189312e-06"
" 7";"  7";"100.00";" 20.14";"reforma da decisão que";"7.189312e-06"
" 7";"  7";"100.00";" 20.14";"de reforma da decisão que";"7.189312e-06"
"22";" 39";" 56.41";" 19.15";"família substituta";"1.209103e-05"
" 8";"  9";" 88.89";" 18.72";"princípio do melhor interesse da";"1.509990e-05"
" 8";"  9";" 88.89";" 18.72";"princípio do melhor interesse da criança";"1.509990e-05"
" 8";"  9";" 88.89";" 18.72";"pleito de";"1.509990e-05"
" 8";"  9";" 88.89";" 18.72";"manutenção do acolhimento";"1.509990e-05"
" 8";"  9";" 88.89";" 18.72";"instrumento ação";"1.509990e-05"
" 8";"  9";" 88.89";" 18.72";"de instrumento ação";"1.509990e-05"
" 8";"  9";" 88.89";" 18.72";"agravo de instrumento ação";"1.509990e-05"
"14";" 21";" 66.67";" 18.35";"manutenção da";"1.837401e-05"
" 9";" 11";" 81.82";" 18.05";"manutenção do";"2.155790e-05"
"10";" 13";" 76.92";" 17.77";"eca ação";"2.498087e-05"
"10";" 13";" 76.92";" 17.77";"eca ação de";"2.498087e-05"
"10";" 13";" 76.92";" 17.77";"do acolhimento";"2.498087e-05"
" 6";"  6";"100.00";" 17.26";"do princípio do melhor";"3.254133e-05"
" 6";"  6";"100.00";" 17.26";"do princípio do melhor interesse";"3.254133e-05"
" 6";"  6";"100.00";" 17.26";"do princípio do melhor interesse da";"3.254133e-05"
" 6";"  6";"100.00";" 17.26";"do princípio do melhor interesse da criança";"3.254133e-05"
" 6";"  6";"100.00";" 17.26";"decisão que determinou";"3.254133e-05"
" 6";"  6";"100.00";" 17.26";"de visitas";"3.254133e-05"
" 7";"  8";" 87.50";" 15.92";"decisão mantida";"6.613904e-05"
" 7";"  8";" 87.50";" 15.92";"aplicação de";"6.613904e-05"
" 5";"  5";"100.00";" 14.38";"e acolhimento";"1.489946e-04"
" 5";"  5";"100.00";" 14.38";"instrumento medida";"1.489946e-04"
" 5";"  5";"100.00";" 14.38";"de instrumento medida";"1.489946e-04"
" 5";"  5";"100.00";" 14.38";"agravo de instrumento medida";"1.489946e-04"
" 5";"  5";"100.00";" 14.38";"agravada que";"1.489946e-04"
" 5";"  5";"100.00";" 14.38";"decisão agravada que";"1.489946e-04"
" 5";"  5";"100.00";" 14.38";"proteção de";"1.489946e-04"
" 5";"  5";"100.00";" 14.38";"de proteção de";"1.489946e-04"
" 5";"  5";"100.00";" 14.38";"medida de proteção de";"1.489946e-04"
" 5";"  5";"100.00";" 14.38";"prevalência do princípio";"1.489946e-04"
" 5";"  5";"100.00";" 14.38";"prevalência do princípio do";"1.489946e-04"
" 5";"  5";"100.00";" 14.38";"prevalência do princípio do melhor";"1.489946e-04"
" 5";"  5";"100.00";" 14.38";"suspensão do poder familiar e";"1.489946e-04"
" 5";"  5";"100.00";" 14.38";"prevalência do princípio do melhor interesse";"1.489946e-04"
" 5";"  5";"100.00";" 14.38";"prevalência do princípio do melhor interesse da";"1.489946e-04"
" 5";"  5";"100.00";" 14.38";"prevalência do princípio do melhor interesse da criança";"1.489946e-04"
" 5";"  5";"100.00";" 14.38";"determinou o";"1.489946e-04"
" 5";"  5";"100.00";" 14.38";"que determinou o";"1.489946e-04"
" 5";"  5";"100.00";" 14.38";"proteção e";"1.489946e-04"
" 5";"  5";"100.00";" 14.38";"instrumento família";"1.489946e-04"
" 5";"  5";"100.00";" 14.38";"institucional de";"1.489946e-04"
" 5";"  5";"100.00";" 14.38";"de instrumento família";"1.489946e-04"
" 5";"  5";"100.00";" 14.38";"acolhimento institucional de";"1.489946e-04"
" 5";"  5";"100.00";" 14.38";"agravo de instrumento família";"1.489946e-04"
" 5";"  5";"100.00";" 14.38";"ação de acolhimento";"1.489946e-04"
" 5";"  5";"100.00";" 14.38";"ação de acolhimento institucional";"1.489946e-04"
" 5";"  5";"100.00";" 14.38";"de aplicação";"1.489946e-04"
"18";" 33";" 54.55";" 14.28";"em família";"1.574003e-04"
"18";" 33";" 54.55";" 14.28";"em família substituta";"1.574003e-04"
"48";"118";" 40.68";" 13.78";"de instrumento";"2.058087e-04"
"48";"118";" 40.68";" 13.78";"agravo de instrumento";"2.058087e-04"
"11";" 17";" 64.71";" 13.46";"pedido de";"2.437639e-04"
" 6";"  7";" 85.71";" 13.13";"pretensão de";"2.901770e-04"
" 6";"  7";" 85.71";" 13.13";"instrumento eca ação de destituição";"2.901770e-04"
" 6";"  7";" 85.71";" 13.13";"de instrumento eca ação de destituição";"2.901770e-04"
" 6";"  7";" 85.71";" 13.13";"agravo de instrumento eca ação de destituição";"2.901770e-04"
" 6";"  7";" 85.71";" 13.13";"manutenção do acolhimento institucional";"2.901770e-04"
" 6";"  7";" 85.71";" 13.13";"pelo juízo";"2.901770e-04"
" 6";"  7";" 85.71";" 13.13";"instrumento ação de";"2.901770e-04"
" 6";"  7";" 85.71";" 13.13";"de instrumento ação de";"2.901770e-04"
" 6";"  7";" 85.71";" 13.13";"agravo de instrumento ação de";"2.901770e-04"
"48";"120";" 40.00";" 12.77";"agravo de";"3.531565e-04"
" 7";"  9";" 77.78";" 12.71";"do acolhimento institucional";"3.637089e-04"
" 7";"  9";" 77.78";" 12.71";"familiar e";"3.637089e-04"
" 7";"  9";" 77.78";" 12.71";"de medida de";"3.637089e-04"
" 8";" 11";" 72.73";" 12.66";"prevalência do";"3.727069e-04"
" 4";"  4";"100.00";" 11.51";"ao melhor";"6.933707e-04"
" 4";"  4";"100.00";" 11.51";"ao melhor interesse";"6.933707e-04"
" 4";"  4";"100.00";" 11.51";"a manutenção do acolhimento";"6.933707e-04"
" 4";"  4";"100.00";" 11.51";"adolescente medida";"6.933707e-04"
" 4";"  4";"100.00";" 11.51";"do adolescente medida";"6.933707e-04"
" 4";"  4";"100.00";" 11.51";"e do adolescente medida";"6.933707e-04"
" 4";"  4";"100.00";" 11.51";"criança e do adolescente medida";"6.933707e-04"
" 4";"  4";"100.00";" 11.51";"da criança e do adolescente medida";"6.933707e-04"
" 4";"  4";"100.00";" 11.51";"estatuto da criança e do adolescente medida";"6.933707e-04"
" 4";"  4";"100.00";" 11.51";"e acolhimento institucional";"6.933707e-04"
" 4";"  4";"100.00";" 11.51";"determinou a";"6.933707e-04"
" 4";"  4";"100.00";" 11.51";"que determinou a";"6.933707e-04"
" 4";"  4";"100.00";" 11.51";"decisão que determinou a";"6.933707e-04"
" 4";"  4";"100.00";" 11.51";"pedido de reforma";"6.933707e-04"
" 4";"  4";"100.00";" 11.51";"pedido de reforma da";"6.933707e-04"
" 4";"  4";"100.00";" 11.51";"pedido de reforma da decisão";"6.933707e-04"
" 4";"  4";"100.00";" 11.51";"pedido de reforma da decisão que";"6.933707e-04"
" 4";"  4";"100.00";" 11.51";"suspensão das";"6.933707e-04"
" 4";"  4";"100.00";" 11.51";"restabelecimento da";"6.933707e-04"
" 4";"  4";"100.00";" 11.51";"de autorização";"6.933707e-04"
" 4";"  4";"100.00";" 11.51";"proteção de acolhimento";"6.933707e-04"
" 4";"  4";"100.00";" 11.51";"de proteção de acolhimento";"6.933707e-04"
" 4";"  4";"100.00";" 11.51";"proteção de acolhimento institucional";"6.933707e-04"
" 4";"  4";"100.00";" 11.51";"medida de proteção de acolhimento";"6.933707e-04"
" 4";"  4";"100.00";" 11.51";"de proteção de acolhimento institucional";"6.933707e-04"
" 4";"  4";"100.00";" 11.51";"medida de proteção de acolhimento institucional";"6.933707e-04"
" 4";"  4";"100.00";" 11.51";"de suspensão";"6.933707e-04"
" 4";"  4";"100.00";" 11.51";"nos termos";"6.933707e-04"
" 4";"  4";"100.00";" 11.51";"com pedido";"6.933707e-04"
" 4";"  4";"100.00";" 11.51";"pedido liminar";"6.933707e-04"
" 4";"  4";"100.00";" 11.51";"e suspensão";"6.933707e-04"
" 4";"  4";"100.00";" 11.51";"institucional e suspensão";"6.933707e-04"
" 4";"  4";"100.00";" 11.51";"e suspensão do";"6.933707e-04"
" 4";"  4";"100.00";" 11.51";"acolhimento institucional e suspensão";"6.933707e-04"
" 4";"  4";"100.00";" 11.51";"institucional e suspensão do";"6.933707e-04"
" 4";"  4";"100.00";" 11.51";"e suspensão do poder";"6.933707e-04"
" 4";"  4";"100.00";" 11.51";"acolhimento institucional e suspensão do";"6.933707e-04"
" 4";"  4";"100.00";" 11.51";"institucional e suspensão do poder";"6.933707e-04"
" 4";"  4";"100.00";" 11.51";"e suspensão do poder familiar";"6.933707e-04"
" 4";"  4";"100.00";" 11.51";"acolhimento institucional e suspensão do poder";"6.933707e-04"
" 4";"  4";"100.00";" 11.51";"institucional e suspensão do poder familiar";"6.933707e-04"
" 4";"  4";"100.00";" 11.51";"acolhimento institucional e suspensão do poder familiar";"6.933707e-04"
" 4";"  4";"100.00";" 11.51";"protetiva de";"6.933707e-04"
" 4";"  4";"100.00";" 11.51";"medida protetiva de";"6.933707e-04"
" 4";"  4";"100.00";" 11.51";"origem o";"6.933707e-04"
" 4";"  4";"100.00";" 11.51";"da origem o";"6.933707e-04"
" 4";"  4";"100.00";" 11.51";"origem o art";"6.933707e-04"
" 4";"  4";"100.00";" 11.51";"decisão da origem o";"6.933707e-04"
" 4";"  4";"100.00";" 11.51";"da origem o art";"6.933707e-04"
" 4";"  4";"100.00";" 11.51";"da decisão da origem o";"6.933707e-04"
" 4";"  4";"100.00";" 11.51";"decisão da origem o art";"6.933707e-04"
" 4";"  4";"100.00";" 11.51";"manutenção da decisão da origem o";"6.933707e-04"
" 4";"  4";"100.00";" 11.51";"da decisão da origem o art";"6.933707e-04"
" 4";"  4";"100.00";" 11.51";"manutenção da decisão da origem o art";"6.933707e-04"
" 4";"  4";"100.00";" 11.51";"da proteção";"6.933707e-04"
" 4";"  4";"100.00";" 11.51";"de inserção";"6.933707e-04"
" 4";"  4";"100.00";" 11.51";"de aplicação de";"6.933707e-04"
" 9";" 14";" 64.29";" 10.84";"da convivência";"9.914474e-04"
" 8";" 12";" 66.67";" 10.48";"a decisão";"1.207865e-03"
" 5";"  6";" 83.33";" 10.38";"do poder familiar e";"1.274652e-03"
" 5";"  6";" 83.33";" 10.38";"aplicação de medida";"1.274652e-03"
" 5";"  6";" 83.33";" 10.38";"ministério público";"1.274652e-03"
" 6";"  8";" 75.00";" 10.12";"de medida de proteção";"1.465410e-03"
" 6";"  8";" 75.00";" 10.12";"institucional e";"1.465410e-03"
" 6";"  8";" 75.00";" 10.12";"acolhimento institucional e";"1.465410e-03"
"10";" 17";" 58.82";"  9.70";"colocação em";"1.845603e-03"
"10";" 17";" 58.82";"  9.70";"colocação em família";"1.845603e-03"
"10";" 17";" 58.82";"  9.70";"colocação em família substituta";"1.845603e-03"
"10";" 17";" 58.82";"  9.70";"de medida";"1.845603e-03"
" 9";" 15";" 60.00";"  9.18";"da menor";"2.453116e-03"
" 7";" 11";" 63.64";"  8.23";"convivência familiar";"4.114199e-03"
" 7";" 11";" 63.64";"  8.23";"eca destituição";"4.114199e-03"
" 7";" 11";" 63.64";"  8.23";"eca destituição do";"4.114199e-03"
" 7";" 11";" 63.64";"  8.23";"eca destituição do poder";"4.114199e-03"
" 7";" 11";" 63.64";"  8.23";"eca destituição do poder familiar";"4.114199e-03"
" 6";"  9";" 66.67";"  7.86";"deve ser";"5.063182e-03"
" 6";"  9";" 66.67";"  7.86";"eca ação de destituição";"5.063182e-03"
" 6";"  9";" 66.67";"  7.86";"do infante";"5.063182e-03"
" 6";"  9";" 66.67";"  7.86";"interesse do";"5.063182e-03"
" 4";"  5";" 80.00";"  7.68";"da decisão agravada";"5.598416e-03"
" 4";"  5";" 80.00";"  7.68";"a manutenção do";"5.598416e-03"
" 4";"  5";" 80.00";"  7.68";"negligência e";"5.598416e-03"
" 4";"  5";" 80.00";"  7.68";"instrumento eca ação de destituição do";"5.598416e-03"
" 4";"  5";" 80.00";"  7.68";"de instrumento eca ação de destituição do";"5.598416e-03"
" 4";"  5";" 80.00";"  7.68";"instrumento eca ação de destituição do poder";"5.598416e-03"
" 4";"  5";" 80.00";"  7.68";"agravo de instrumento eca ação de destituição do";"5.598416e-03"
" 4";"  5";" 80.00";"  7.68";"de instrumento eca ação de destituição do poder";"5.598416e-03"
" 4";"  5";" 80.00";"  7.68";"instrumento eca ação de destituição do poder familiar";"5.598416e-03"
" 4";"  5";" 80.00";"  7.68";"agravo de instrumento eca ação de destituição do poder";"5.598416e-03"
" 4";"  5";" 80.00";"  7.68";"de instrumento eca ação de destituição do poder familiar";"5.598416e-03"
" 4";"  5";" 80.00";"  7.68";"inserção em";"5.598416e-03"
" 4";"  5";" 80.00";"  7.68";"inserção em família";"5.598416e-03"
" 4";"  5";" 80.00";"  7.68";"inserção em família substituta";"5.598416e-03"
" 4";"  5";" 80.00";"  7.68";"aplicação de medida de";"5.598416e-03"
" 4";"  5";" 80.00";"  7.68";"aplicação de medida de proteção";"5.598416e-03"
" 4";"  5";" 80.00";"  7.68";"é medida";"5.598416e-03"
" 4";"  5";" 80.00";"  7.68";"instrumento eca destituição";"5.598416e-03"
" 4";"  5";" 80.00";"  7.68";"de instrumento eca destituição";"5.598416e-03"
" 4";"  5";" 80.00";"  7.68";"instrumento eca destituição do";"5.598416e-03"
" 4";"  5";" 80.00";"  7.68";"agravo de instrumento eca destituição";"5.598416e-03"
" 4";"  5";" 80.00";"  7.68";"de instrumento eca destituição do";"5.598416e-03"
" 4";"  5";" 80.00";"  7.68";"instrumento eca destituição do poder";"5.598416e-03"
" 4";"  5";" 80.00";"  7.68";"agravo de instrumento eca destituição do";"5.598416e-03"
" 4";"  5";" 80.00";"  7.68";"de instrumento eca destituição do poder";"5.598416e-03"
" 4";"  5";" 80.00";"  7.68";"instrumento eca destituição do poder familiar";"5.598416e-03"
" 4";"  5";" 80.00";"  7.68";"agravo de instrumento eca destituição do poder";"5.598416e-03"
" 4";"  5";" 80.00";"  7.68";"de instrumento eca destituição do poder familiar";"5.598416e-03"
" 4";"  5";" 80.00";"  7.68";"agravo de instrumento eca destituição do poder familiar";"5.598416e-03"
" 4";"  5";" 80.00";"  7.68";"mantida a decisão";"5.598416e-03"
" 4";"  5";" 80.00";"  7.68";"ser mantida a decisão";"5.598416e-03"
" 4";"  5";" 80.00";"  7.68";"a justificar";"5.598416e-03"
" 4";"  5";" 80.00";"  7.68";"para fins";"5.598416e-03"
" 4";"  5";" 80.00";"  7.68";"fins de";"5.598416e-03"
" 4";"  5";" 80.00";"  7.68";"para fins de";"5.598416e-03"
" 5";"  7";" 71.43";"  7.62";"da decisão da";"5.783239e-03"
" 5";"  7";" 71.43";"  7.62";"decisão da origem";"5.783239e-03"
" 5";"  7";" 71.43";"  7.62";"manutenção da decisão da";"5.783239e-03"
" 5";"  7";" 71.43";"  7.62";"da decisão da origem";"5.783239e-03"
" 5";"  7";" 71.43";"  7.62";"manutenção da decisão da origem";"5.783239e-03"
" 5";"  7";" 71.43";"  7.62";"a suspensão";"5.783239e-03"
" 5";"  7";" 71.43";"  7.62";"poder familiar e";"5.783239e-03"
" 8";" 14";" 57.14";"  7.19";"dos genitores";"7.323615e-03"
" 7";" 12";" 58.33";"  6.64";"do menor";"9.968550e-03"
" 5";"  8";" 62.50";"  5.63";"decisão da";"1.763799e-02"
" 5";"  8";" 62.50";"  5.63";"da origem";"1.763799e-02"
" 5";"  8";" 62.50";"  5.63";"a manutenção";"1.763799e-02"
" 5";"  8";" 62.50";"  5.63";"o art";"1.763799e-02"
" 5";"  8";" 62.50";"  5.63";"do genitor";"1.763799e-02"
" 5";"  8";" 62.50";"  5.63";"de desacolhimento";"1.763799e-02"
" 7";" 13";" 53.85";"  5.35";"da infante";"2.076185e-02"
" 4";"  6";" 66.67";"  5.24";"ser mantida";"2.211766e-02"
" 4";"  6";" 66.67";"  5.24";"mantida a";"2.211766e-02"
" 4";"  6";" 66.67";"  5.24";"ser mantida a";"2.211766e-02"
" 4";"  6";" 66.67";"  5.24";"desenvolvimento saudável";"2.211766e-02"
" 4";"  6";" 66.67";"  5.24";"eca ação de destituição do";"2.211766e-02"
" 4";"  6";" 66.67";"  5.24";"eca ação de destituição do poder";"2.211766e-02"
" 4";"  6";" 66.67";"  5.24";"eca ação de destituição do poder familiar";"2.211766e-02"
" 4";"  6";" 66.67";"  5.24";"a decisão que";"2.211766e-02"
" 3";"  4";" 75.00";"  5.06";"deve ser mantida";"2.449681e-02"
" 3";"  4";" 75.00";"  5.06";"deve ser mantida a";"2.449681e-02"
" 3";"  4";" 75.00";"  5.06";"o direito";"2.449681e-02"
" 3";"  4";" 75.00";"  5.06";"suspensão da";"2.449681e-02"
" 3";"  4";" 75.00";"  5.06";"menor em";"2.449681e-02"
" 3";"  4";" 75.00";"  5.06";"menor e";"2.449681e-02"
" 3";"  4";" 75.00";"  5.06";"de negligência e";"2.449681e-02"
" 3";"  4";" 75.00";"  5.06";"familiar pedido";"2.449681e-02"
" 3";"  4";" 75.00";"  5.06";"poder familiar pedido";"2.449681e-02"
" 3";"  4";" 75.00";"  5.06";"de crianças";"2.449681e-02"
" 3";"  4";" 75.00";"  5.06";"crianças e";"2.449681e-02"
" 3";"  4";" 75.00";"  5.06";"e dos";"2.449681e-02"
" 3";"  4";" 75.00";"  5.06";"direito à";"2.449681e-02"
" 3";"  4";" 75.00";"  5.06";"em julgado";"2.449681e-02"
" 3";"  4";" 75.00";"  5.06";"ação para";"2.449681e-02"
" 3";"  4";" 75.00";"  5.06";"para aplicação";"2.449681e-02"
" 3";"  4";" 75.00";"  5.06";"ação para aplicação";"2.449681e-02"
" 3";"  4";" 75.00";"  5.06";"para aplicação de";"2.449681e-02"
" 3";"  4";" 75.00";"  5.06";"ação para aplicação de";"2.449681e-02"
" 3";"  4";" 75.00";"  5.06";"institucional pleito";"2.449681e-02"
" 3";"  4";" 75.00";"  5.06";"acolhimento institucional pleito";"2.449681e-02"
" 3";"  4";" 75.00";"  5.06";"institucional pleito de";"2.449681e-02"
" 3";"  4";" 75.00";"  5.06";"acolhimento institucional pleito de";"2.449681e-02"
" 3";"  4";" 75.00";"  5.06";"medida de acolhimento";"2.449681e-02"
" 8";" 17";" 47.06";"  4.02";"de risco";"4.500630e-02"
" 6";" 12";" 50.00";"  3.67";"e o";"5.526078e-02"
" 4";"  7";" 57.14";"  3.59";"de família";"5.799519e-02"
" 4";"  7";" 57.14";"  3.59";"interesse do menor";"5.799519e-02"
" 3";"  5";" 60.00";"  3.06";"direito da";"8.044681e-02"
" 3";"  5";" 60.00";"  3.06";"das crianças";"8.044681e-02"
" 3";"  5";" 60.00";"  3.06";"a suspensão do";"8.044681e-02"
" 3";"  5";" 60.00";"  3.06";"a suspensão do poder";"8.044681e-02"
" 3";"  5";" 60.00";"  3.06";"a suspensão do poder familiar";"8.044681e-02"
" 3";"  5";" 60.00";"  3.06";"eca acolhimento";"8.044681e-02"
" 3";"  5";" 60.00";"  3.06";"eca acolhimento institucional";"8.044681e-02"
" 3";"  5";" 60.00";"  3.06";"criança em";"8.044681e-02"
" 3";"  5";" 60.00";"  3.06";"guarda provisória";"8.044681e-02"
" 3";"  5";" 60.00";"  3.06";"a adoção";"8.044681e-02"
" 3";"  5";" 60.00";"  3.06";"decorrente de";"8.044681e-02"
" 3";"  5";" 60.00";"  3.06";"para adoção";"8.044681e-02"
" 3";"  5";" 60.00";"  3.06";"a medida";"8.044681e-02"
" 3";"  5";" 60.00";"  3.06";"das visitas";"8.044681e-02"
" 6";" 13";" 46.15";"  2.82";"situação de risco";"9.333556e-02"
" 5";" 11";" 45.45";"  2.22";"em situação de";"1.361117e-01"
" 6";" 14";" 42.86";"  2.13";"de convivência";"1.444571e-01"
